אַתְּ (כינוי גוף);إِنْتِي אִנְתִי
אֲנִי;أَنَا אַנַא
אַתָּה;إنت אִנְתֵ
אִם  (מילת תנאי);إِذَا אִדַ׳א
אֵם, אִימָּא;إمّ אִםّ
אֵיפֹה, הֵיכָן (מילת שאלה);وِين וֵין
אֵיפֹה, הֵיכָן (מילת שאלה);فِين פֵין
אוֹכֶל (מזון);أَكْل אַכְּל
מזון, אוכל  טרם נבדק;غِذَاء עִ׳דַ׳אא
אתמול;إمبارح אֵמְבַּארֵח
אתמול;امس אַמְס
כֵּן, נָכוֹן, אָכֵן;آه אַאה
אֲבַל (מילת קישור);لٰكن לַאכֵּן
אֲבַל (מילת קישור);أمّا אַמַّא
אֶבֶל;حداد חְדַאד
צַעַר, עֶצֶב, אֵבֶל;حزن חֻזֻן
אֲבַל (מילת קישור);بسّ בַּסّ
אוֹהֵב (הוא);بيحبّ בִּיחִבּّ
איזה;أَي אַיְ
אֵיזֶה;انو אַנוּ
איך, כיצד;كِيف כִּיף
איך (בערבית סורית);شلون שְלוֹן
או;او אַַו
או;ولّا וִלַّא
אבא של-;ابو אבו
אבּא (קריאה);بابا בַּאבַּא
אב, אבּא;اب אַבּ
אֵין;ما فيش מַא פִיש
אֵין;فشّ פִשّ
אז, אֶלָא מָה, אִם כֵּן;لكان לַכַּאן
בזמנו, אז (באותו הזמן);وقتها וַקֵתְהַא
אז, באותו זמן (באותה השעה);ساعتها סַאעֵתְהַא
אז (אותו היום);يُومها יוֹמְהַא
אז, ובכן, אם כך (מילית קישור);فَ פַ-
אולי;ممكن מֻמְכֵּן
אולי;يمكن יִמְכֵּן
אוּלַי;بَلْكِي בַּלְכִּי
אולי, יתכן;بيجوز בִּיג׳וּז
אולי  (שיבוש של بلكي);بركي בַּרְכִּי
אח;أخ אַח׳
אח (סיעוד);ممرّض מֻמַרִّץ׳
אח;شَقِيق שַקִיק
קָמִין, אָח (תנור עצים);صوبيا צוֹבְּיַא
איש;شخص שַחְ׳ץ
אַהֲבָה;حُبّ חֻבּّ
חִיבָּה, אַהֲבָה;وداد וִדַאד
אהבה (אהבה עזה);عِشْق עִשְק
אהבה;هَوَى הַוַא
חיבה, אַהֲבָה;محبّة מַחַבֵּّה
אחר, שני (נוסף);ثاني תַ׳אנִי
שׁוֹנֶה, אחר;غير עֵ׳יר
אחר, נוסף;آخر אַאחַ׳ר
אחרי ש...;بعد ما בַּעְד מַא
אחרי;بعد בַּעְד
מאחורי, אחרי;ورا וַרַא
אחות;أخت אֻחְ׳ת
אחות (סיעוד);ممرّضة מֻמַרִّצַ׳ה
אחות (סיעוד);نرس נַרְס
אפשר;ممكن מֻמְכֵּן
אִפְשֵר;سمح סַמַח
אנשים;أشخاص אַשְחַ׳אץ
אנשים;ناس נַאס
אכל ארוחת צהריים;تغدّى תְעַ׳דַّא
אנחנו;نحنا נִחְנַא
אֲנָחְנוּ;إِحْنَا אִחְנַא
אוּנִיבֶרְסִיטָה;جَامْعَة גַ׳אמְעַה
אחד, 1;واحد וַאחַד
אָרוֹן;خْزَانِة חְ׳זַאנֵה
אדום;أَحْمَر אַחְמַר
אתם, אתן;إنتو אִנְתוּ
אחרון;آخر אַאחֵ׳ר
אחרון;أخير אַחִ׳יר
אחרון;أخراني אַחְ׳רַאנִי
אֵש;نَار נַאר
אומר (הוא);بيقول בִּ(י)קוּל
לַמְרוֹת שֶ-, אֲפִילוּ שֶ-;مع إنّه מַע אִנّוֹ
אֲפִילוּ;حتّى חַתַّא
לַמְרוֹת שֶ-, אֲפִילוּ שֶ-;بالرغم من إنّه בִּ(אל)רַّעְ׳ם מִן אִנّוֹ
אחים;اخوة אִחְ׳וֵה
אֵצֶל;عند עִנְד
אֱמֶת;حَقِيقَة חַקִיקַה
אֶבֶן;حَجَر חַגַ׳ר
ארץ;بلاد בְּלַאד
אוֹר;نُور נוּר
אור;ضَوّ צַ׳וّ
אותו;إيّاه אִיַّאה
אַף (איבר נשימה);أَنْف אַנְף
אַף (איבר נשימה);مُنْخَار מֻנְחַ׳אר
אף, שום (בביטויים כמו אף אחד או שום דבר);وَلَا וַלַא
אַף (איבר נשימה);خشم חָ׳שֶֶם
אשר, ש;اللّي אִלִّי
אסור;ممنوع מַמְנוּע
אסור, לא כשר (באיסלאם);حَرَام חַרַאם
ארוחת ערב;عشا עַשַא
אחי, אח שלי;أخوي אַח׳וּי
אני רוצה, אני צריך;بِدِّي בִּדִّّי
אָרוֹךְ;طويل טַוִיל
אַרְיֵה;أَسَد אַסַד
אריה, ליש;ليث לַיְת׳
אַרְיֵה;سَبْع סַבְּע
אוטובוס;بَاص בַּאץ
אפור;رَمَادِي רַמַאדִי
אפור;سكني סַכַּנִי
ארוחת בוקר;فطور פְטוּר
איזה;أَي אַיְ
אִי (יבשה מוקפת ים);جَزِيرِة גַ׳זִירֵה
אוֹרֵחַ;ضِيف צֵ׳יף
אותךְ;إياكي אִיַّאכִּי
אותךַ;إيّاك אִיַّאכּ
אף פעם;ابدًا אַבַּדַן
אף פעם;ولا مرّة וַלַא מַרַّה
אֲבַטִּיחַ;بَطِّيخَة בַּטִّיחַ׳ה
אָבִיב;رَبِيع רַבִּיע
אדם, בן אדם, איש;إنسان אִנְסַאן
אוֹזֶן;دَان דַאן
אוֹזֶן (בספרותית);أُذُن אֻדֻ׳ן
אוֹזֶן;وِدِن וִדֵן
אלוהים;الله אַלְלַّה
אִיתִּי;معاي מַעַאי
אהלן, שלום (ברכה בפגישה);أهلين אַהְלֵין
אלה;هذول הַדוֹל
אַלָּה, נבוט;نبّوت נַבּّוּת
אותי;إيّاني אִיַّאנִי
ארוחת צהריים;غدا עַ׳דַא
אין לי;ما فيش عندي מא פיש עִנְדִי
אֲדָמָה, קַרְקַע;أَرْض אַרְץ׳
אֲדָמָה, עָפָר (חומר);تْرَاب תְרַאבּ
אוֹפַנַּיִים;بِسِكْلِيت בִּסִכְּלֵית
אִיתְּךָ, עִימְךָ, יש לך;معاك מַעַאכּ
אף אחד;وَلَا وَاحَد וַלַא וַאחַד
אחיות;خوات חַ׳וַאת
אוֹרֶז (דגן);رُزّ רֻזّ
אות;حرف חַרְף
אהוב;مَحْبُوب מַחְבּוּבּ
אהוב, יקר;حَبِيب חַבִּיבּ
אהוב   טרם נבדק;رحيم רחים
אדון;سيّد סַיִّד
אהב;حبّ חַבּّ
אָהַב, חִיבֵּב;عزّ עַזّ
בַּיִת;بِيت בֵּית
בַּיִת;دَار דַאר
בָּא, הגיע (בעבר);أَجَى אַגַ׳א
בא, מגיע (בזמן הווה);جَاي גַ׳אי
ברוכים הבאים;أهلًا وسهلًا אַהְלַן וַסַהְלַן
בְּ- (בתוך);في פִי
בְּ;ب בְּ
בת, ילדה;بِنْت בִּנְת
בּוֹקֶר אוֹר, בּוֹקֶר טוֹב (כתשובה);صَبَاح النُّور צַבַּאח אִ(ל)נّוּר
בּוֹקֶר טוֹב (הברכה);صَبَاح الْخِير צַבַּאח אִלְחֵ׳יר
בּוֹקֶר טוֹב (מילולית - בוקר של שמנת);صباح القشطة צַבַּאח אִלְקִשְטַה
בוקר טוב (כתשובה);صَبَاح الفُلّ צַבַּאח אִלְפֻלّ
בסדר, טוב;مْنِيح מְנִיח
בסדר, טוב;تمام תַמַאם
טוב, בסדר, טעים;طيّب טַיֵّבּ
בּוֹקֶר (ספרותית, או בברכות הבוקר);صباح צַבַּאח
בּוֹקֶר;صبح צֻבְּח
בשביל;مِنْشَان מִנְשַאן
בֵּן;إِبْن אִבְּן
בּוֹא!;تَعَال תַעַאל
בּוֹא, הַבַה (ונעשה משהו);خلّينا חַ׳לִّינַא
יאללה, בוא;يلّا יַלַّא
בוא;تع תַע
בֵּית סֵפֶר;مَدْرَسِة מַדְרַסֵה
בהצלחה;بالتوفيق בִּ(אל)תַّוְפִיק
בהצלחה;بالنجاح בִּ(אל)נַّגַ׳אח
בְּעָיָה;مشكلة מֻשְכִּלֵה
בעיה, עניין;مسالة מַסְאַלֵה
בָּרִיא (לא חולה);سَلِيم סַלִים
בריא, בריאותי (טוב לבריאות);صِحِّي צִחִّי
בגדים;أَوَاعِي אַוַאעִי
בגדים;ثياب תְ׳יַאבּ
בגדים;مَلَابِس מַלַאבֵּס
בְּגָדִים (בהקשר של אופנה);ازياء אָזְיָאאְ
בגדים (להג בדואי);هدوم הְדוּם
בְּרִיאוּת;صَحَّة צַחַّה
בריאות;عافية עַאפְיֵה
בריאות, שלמות, רווחה  (רווחת הגוף והנפש);سَلَامِة סַלַאמֵה
בֵּית חוֹלִים;مستشفى מֻסְתַשְפַא
בִּיקֵּר (בא לבקר);زَار זַאר
בִּיקֵּר (העביר ביקורת);نَقَد נַקַד
בִּיקֵּר (העביר ביקורת);إنْتَقَد אִנְתַקַד
בעל (נישואין);جوز ג׳וֹז
עִם, בְּעַד;مَع מַע
בִּיקֵש;طَلَب טַלַבּ
יחד, ביחד;مع بعض מַע בַּעֵץ׳
יחד, ביחד;سوا סַוַא
ללא, בלי;بدون בִּדוּן
ללא, בלי;بلا בַּלַא
בדיוק;بالزّبط בִּ(אל)-זַّבֵּט
בדיוק;تمام תַמַאם
בדיוק, בעצם, למעשה;بِالذَّات בִּ(אל)דַّ׳את
בָּטוּחַ, משוכנע (אין לו ספק);متأكد מִתְאַכֵּّד
בטוח, בטח, כמובן;اكيد אַכִּיד
בָּדַק;فحص פַחַץ
נִיסָה, בָּדַק;جرّب גַ׳רַّבּ
בַּקְבּוּק;قَنِينِة קַנִינֵה
בִּנְיָין;عَمَارَة עַמַארַה
בִּנְיָין (בדקדוק);وزن וַזְן
בניין;بناية בִּנַאיֵה
בְּ- (בתוך);في פִי
בִּפְנִים, בּתוֹךְ;داخل דַאחֵ׳ל
בתוך;بقلب בְּקַלְבּ
בתוך, בקרב;ضِمْن צִ׳מְן
בֶּאֱמֶת, בִּרְצִינוּת;عَن جَدّ עַן גַ׳דّ
וואלה, בחיי, באמת;واللّه וַאללַّה
בֵּיצָה;بِيضَة בֵּיצַ׳ה
בִּיצָּה (שלולית מים עכורים);مُسْتَنْقَع מֻסְתַנְקַע
נמלט, בּרח, נס;هرب הַרַבּ
ברח;شرد שַרַד
בָּרַח (מלהתמודד עם משהו);تهرّب תְהַרַّבּ
בָּרַח;انهزم אִנְהַזַם
בָּגַד (ב);خان חַ׳אן
חוץ, החוצה, בחוץ;بَرَّا בַּרַّא
ברור;واضح וַאצֵ׳ח
בננה, בננות;مُوز מוֹז
בערך (לפני המילה);حوالي חַוַאלִי
בקירוב, בערך;تقريبًا תַקְרִיבַּן
בפנים;جوّا גֻ׳וַّא
בִּפְנִים, בּתוֹךְ;داخل דַאחֵ׳ל
בטח, בוודאי;معلوم מַעְלוּם
בטוח, בטח, כמובן;اكيد אַכִּיד
בנות;بنات בַּנַאת
בְּדִיקָה;فحص פַחְץ
נִיסּוּי, בְּדִיקָה;تجربة תַגְ׳רִבֵּה
בירור, בדיקה;إستفسار אִסְתִפְסַאר
בכלל, לגמרי;بالمرّة בִּ(א)לְמַרַّה
בעצם, למעשה, בכלל;أَصْلاً אַצְלַן
בכלל;شيلي بيلي שִילי בִּילִי
במקום ש...;بدل ما בַּדַל מַא
במקום;بدل בַּדַל
בִּמקום;محلّ מַחַלّ
בִּמְקוֹם;بَدَال בַּדַאל
ביקור;زيارة זִיַארַה
בְּחִירוֹת;إِنْتِخَابَات אִנתִחַ׳אבַּאת
בנים;ابناء אַבְּנַאא
בחורה;فتاة פַתַאה
בחורה, נערה, יָלְדָה;صَبِيِّة צַבִּיֵّה
ברכות (לחג או ליום הולדת);معايدات מֻעַאיַדַאת
בצל  (יחידה);بَصَلِة בַַּצַלֵה
בצל, בצלים (שם קיבוצי);بَصَل בַּצַל
בדיחה;نكتة נֻכְּתֵה
בדיחה, תעלול;نَهْفِة נַהְפֵה
בדיחה  טרם נבדק;مزحة מזחה
בקרוב;قريباً קַרִיבַּן
במיוחד;خُصُوصًا חֻ׳צוּצַן
באופן ספציפי, במיוחד;بالتّحديد בִּ(אל)תַّחְדִיד
במיוחד;بِالذَّات בִּ(אל)דַّ׳את
במיוחד;خاصّةً חַ׳אצַّתַן
בְּתֵיאָבוֹן (מילולית - פעמיים בריאות);صَحّْتِين צַחְّתֵין
בתיאבון (מילולית - בריאות);صَحَّة צַחַّה
בִּישֵּל;طَبَخ טַבַּח׳
בִּישֵּל (בספרותית);طهى טַהַא
בִּישֵּל (במים);سَلَق סַלַק
בֶּטֶן;بَطْن בַּטְן
בְּרֵיכָה;بِرْكِة בִּרְכֵּה
בקשה, דרישה;مُطَالَبِة מֻטַאלַבֵּה
בושה;عِيب עֵיבּ
בושה, מבוכה (כשמישהו מתבייש/ביישן);خجل חַ׳גַ׳ל
בושה וחרפה!, בושה!;يَا عِيب الشُّوم יַא עֵיבּ אֵ(ל)שّוּם
בושה, צניעות;حياء חַיַאא
בושה, חרפה;عار עַאר
בנה;بنى בַּנַא
בָּנָה;عمّر עַמַّר
בסוף, לבסוף, בסופו של דבר;بالآخر בִּ(א)לְאַאחֵ׳ר
בכה;بكى בַּכַּא
צָרַח, צָעַק, בָּכָה;عيّط עַיַّט
ביתי;منزلي מַנְזִלִי
ברז;حنفيّة חַנַפִיֵّה
בתים;بيوت בְּיוּת
בתים;دور דוּר
בָּחוּר, נָעַר;شابّ שַאבּّ
בֵּן דוֹד (מצד האב);إِبْن عَمّ אִבְּן עַםّ
בֵּן דּוֹד (מצד האם);إِبْن خَال אִבְּן חַ׳אל
בֶּרֶך;ركبة רַכְּבֵּה
בעיות;مشاكل מַשַאכֵּל
באה;اجت אַגַ׳ת
בּוֹגֶד;خائن חַ׳אאֶן
בִּירָה (משקה אלכוהולי);بيرة בִּירַה
בנק;بنك בַּנְכּ
בנק;مصرف מַצְרַף
במשך, תוך כדי;خلال חִ׳לַאל
גם, גם כן;بَرْضُو בַּרְצ׳וֹ
גם, עוד;كَمَان כַּמַאן
גם, גם כן (בספרותית);أَيْضًا אַיְצַ׳ן
גר, שוכן;ساكن סַאכֵּן
גָר (בעבר);سكن סַכַּן
גָּדוֹל;كْبِير כְּבִּיר
גֶּבֶר, אִישׁ;زَلَمِة זַלַמֵה
גִּיל;عُمْر עֻמְר
גיל;سنّ סִןّ
גיל;جيل גִ׳יל
גַּנָּב, שׁוֹדֵד;حَرَامِي חַרַאמִי
גנב;سرّاق סַרַّאק
גָנַב (פועל);سرق סַרַק
גבוה (לדומם);عالي עַאלִי
גָּבוֹהַּ;طويل טַוִיל
גבוה (קול);رفيع רַפִיע
גְּלִידָה;بُوظَة בּוּטַ׳ה
גָּרָה;عايشة עַאיְשֵה
גן;بستان בֻּסְתַאן
גן, גינה;جنينة גְ׳נֵינֵה
גן ילדים, גן;روضة רַוְצַ׳ה
גינה, גן;حديقة חַדִיקַה
גן, גינה;جنينة גְ׳נֵינֵה
גינה;إستنكر אִסְתַנְכַּר
גינה, גן;حديقة חַדִיקַה
האשים, גינה;لام לַאם
גינה, האשים;آخَذ אַאחַ׳ד׳
גָּזַר;قصّ קַץّ
גֶזֶר, גְזַרִים;جزر גַ׳זַר
גַּב;ظَهْر טַ׳הְר
גג, תקרה;سَقْف סַקְף
גַּג (החלק העליון המכסה מבנה);سطح סַטְח
גבינה;جِبْنِة גִ׳בְּנֵה
גוף;جسم גִ׳סֵם
גוף;بدن בַּדַן
גּוּף;جَسَد גַ׳סַד
געגוע;شوق שוֹק
געגוע;إشتياق אִשְתִיַאק
געגוע, ערגה;حنين חַנִין
גברת;ستّ סִתّ
גָּמָל (בעל חיים מדברי);جَمَل גַ׳מַל
גָּמָל (גמל בוגר או נאקה בוגרת);بعير בַּעִיר
גָּמַל (נתן תמורה);جَازَى גַ׳אזַא
גלגל;عجل עַגַ׳ל
גלגל;دولاب דוּלַאבּ
גיבור;بَطَل בַּטַל
גיבור, חזק (אדם);أبو عنتر אַבּוּ עַנְתַר
גָּדֵר;سْيَاج סְיַאג׳
גָּדֵר;جِدَار גִ׳דַאר
גדל, התבגר;كِبِر כִּבֵּר
הִתְחַנֵּךְ, גָּדַל;تْرَبَّى תְרַבַּّא
גַּרְבַּיִים;جرابين גַ׳רַאבִּין
גַּרְבַּיִים;كلسات כַּלְסַאת
גרבּיים;جرابات גְ׳רַאבַּאת
גבול;حدّ חַדّ
רע, גרוע;عَاطِل עַאטֵל
גרוע, חסר טעם;بَايِخ בַּאיֵח׳
מצבו ״על הפנים״, מצבו גרוע  (מילולית - מצבו מצב);حالته حالة חַאלְתוֹ חַאלֵה
גילה, חשף;كشف כַּשַף
גילה (תגלית חשובה);اكتشف אִכְּתַשַף
אגורה, גְרוּש;قرش קִרְש
גָּרוּשׁ;مطلّق מְטַלֵّק
גִידֵל, חִינֵך;ربّى רַבַּّא
גָּרַם (הביא לידי);سبّب סַבַּّבּ
גרם, הביא לידי;أدّى إلى אַדַّא אִלַא
עָשָׂה, גָּרַם;جعل גַ׳עַל
גרים, שוכנים;ساكنين סַאכְּנִין
גרון;زور זוֹר
גרון;حلق חַלַק
השלים ,גמר, המשיך;كمّل כַּמַّל
גל;موجة מוֹגֵ׳ה
גֵּאֶה;فَخُور פַח׳וּר
גֵּאֶה, הִתְגָּאָה (ב);إِفْتَخَر אִפְתַחַ׳ר
גּוֹרָל;قدر קַדַר
גּוֹרָל;مصير מַצִיר
גּוֹרָל;حتم חַתֵם
מזל, גורל;قسمة קִסְמֵה
מזל, גורל;نصيب נַצִיבּ
גּוֹרָל;قضى קַצַ׳א
גרב;كلسة כַּלְסֵה
גן ילדים, גן;روضة רַוְצַ׳ה
גברים;زْلَام זְלַאם
גברים;رْجَال רְגַ׳אל
גַּן עֵדֶן;الجَنَّة אִלְגַ׳נֵّה
גֶּשֶר;جِسْر גִ׳סְר
גיטרה;جيتار גִיתַאר
גּוֹבַהּ (לבנאדם);طُول טוּל
גנן (בגינה, מקצוע);بستنجي בֻּסְתַנְגִ׳י
גזענות;عنصريّة עֻֻֻנצֻרִיֵّה
גורם;عامل עַאמֵל
גִּבְעָה;تلّ, تَلِّة תַלّ, תַלֵّה
גז;غَاز עַ׳אז
גן חיות;حديقة الحيوانات חַדִיקַת אֵלְחַיוַאנַאת
גְּדוֹלִים;كْبَار כְּבַּאר
גָּדָה;ضفة צַ׳פֵّה
ג׳ירפה;زرافة זַרַאפֵה
געגועים;أشواق אַשְוַאק
גַּאֲוָוה;فخر פַחֵ׳ר
עילוי, גאון;عبقري עַבְּקַרִי
גאון;نابغة נַאבְּעַ׳ה
גִּיס (אחי הבעל/האישה);صِهْر צִהְר
גִיס;نسيب נְסִיבּ
מִידָה, גודל;قياس קִיַאס
גּוֹדֶל (מידה פיזית);حَجْم חַגְ׳ם
גופה;جُثِّة גֻ׳תֵّ׳ה
גרמניה;أًلْمَانْيَا אַלְמַאנְיַה
גירש, הבריח;شَرَّد שַרַّד
הבריח, גירש;طفّش טַפַّש
גֵירֵש, סילק;طرد טַרַד
גם, גם כן;بَرْضُو בַּרְצ׳וֹ
גם, גם כן (בספרותית);أَيْضًا אַיְצַ׳ן
ננס, גמד;قزم קַזַם
גְּדִי (תיש צעיר);جَدِي גַ׳דִי
טלה, גדי;سخلة סַחְ׳לֵה
דבר, משהו;إِشِي אִשִי
דבר, עניין;شغلة שַעְ׳לֵה
דבר, משהו;شي שִי
דבר, משהו (כמו شي או ايشي);حاجة חַאגֵ׳ה
דִּיבֵּר;حكى חַכַּא
דִּיבֵּר;تكلّم תְכַּלַّם
דּוֹד (מצד האב);عَمّ עַםّ
דּוֹד (מצד האם);خَال חַ׳אל
דּוּד שֶׁמֶשׁ, דּוּד (מתקן לחימום מים);سَخَّان شَمْسِي סַחַّ׳אן שַמְסִי
דֶלֶת;باب בַּאבּ
דֶּרֶך;طَرِيق טַרִיק
דָרַך (על);دعس على דַעַס עַלַא
שיטה, דרך;أسلوب אֻסְלוּבּ
דֶּרֶך, סִגְנוֹן;نمط נַמַט
דִּירָה;شَقَّة שַקַّה
דָּג (בעל חיים);سَمَكِة סַמַכֵּה
דָּג (עסק בדייג);إِصْطَاد אִצְטַאד
דודה (מצד האב);عمّة עַמֵّה
דודה (מצד האם);خالة חַ׳אלֵה
דיבור, דברים;كَلَام כַּלַאם
דברים, עניינים;شغلات שַעְ׳לַאת
דְּבָרִים;أَشْيَاء אַשְיַאא
דִּיבּוּר, דְּבָרִים;حَدِيث חַדִית׳
דָּרוֹם (כיוון);جَنُوب גַ׳נוּבּ
דָאַג;قِلِق קִלֵק
דומה;بِيشْبَه בִּישְבַּה
דּוֹמֵה;مشابه מְשַאבֵּה
דַּקָּה (יחידת זמן);دَقِيقَة דַקִיקַה
דואר;بَرِيد בַּרִיד
דּוֹאַר;بوسطة בּוֹסְטַה
דִּיבּוּר;حَكِي חַכִּי
דיבור, דברים;كَلَام כַּלַאם
דִּיבּוּר, דְּבָרִים;حَدِيث חַדִית׳
דְּבוֹרָה;نحلة נַחְלֵה
דאגה;همّ הַםّ
דקות;دَقَايِق דַקַאיֵק
דעה, מחשבה;فكر פִכְּר
דעה;راي רַאי
דֶּגֶל;عَلَم עַלַם
דְּבַשׁ (דבורים);عَسَل עַסַל
דְּבַשׁ (גולמי);شَهْد שַהְד
דְּבַשׁ (פירות);دِبْس דִבְּס
די, מספיק;بسّ בַּסّ
מספיק, די;خلص חַ׳לַץ
דתי (אדם);متديّن מִתְדַיֵّן
דתי (משהו);ديني דִינִי
דגים (שם קיבוצי);سَمَك סַמַכּ
מזל דגים (מילולית - לוויתן);حُوت חוּת
דָּת;دِين דִין
דת;ديانة דִיַאנֵה
דרוזי;درزي דֻרְזִי
דוֹב;دُبّ דֻבּّ
דָּחוּף;مُسْتَعْجَل מֻסְתַעְגַ׳ל
דָּחוּף;عَاجِل עַאגֵ׳ל
דָּחוּף;ضَرُورِي צַ׳רוּרִי
דָּם;دَمّ דַםّ
דְּרוּזִים;دْرُوز דְרוּז
דחף;دفش דַפַש
דחף;دفع דַפַע
דחף  טרם נבדק;دزّ דז ّ
דחף;غمز עַ׳מַז
נפט, דלק  טרם נבדק;بترول בתרול
דַּק;دَقِيق דַקִיק
דּוּבְדְּבָן;كَرَز כַּרַז
מוּכֶּה, דָּפוּק;مضروب מַצְ׳רוּבּ
דְּלִי;سَطْل סַטְל
דְלִי;دَلُو דַלוּ
דרכון;جواز سفر גַ׳וַאז סַפַר
אגב, דרך אגב;عَلَى فِكْرَة עַלַא פִכְּרַה
דלעת;قرعة קַרְעַה
דיון;مناقشة מֻנַאקַשֵה
עִימּוּת, דִּיּוּן;مُنَاظَرَة מֻנַאטַ׳רַה
דַּלֶּקֶת;إِلْتِهَاب אִלְתִהַאבּ
סֵירֵב, דָּחָה (לא קיבל);رَفَض רַפַץ׳
דָּחָה, עִיכֵּב (העביר למועד מאוחר יותר);أجّل אַגַّ׳ל
פָּעַם, דָּפַק (הלב פעם, הלב דפק);دقّ דַקّ
דוגמה;نموذج נַמוּדַ׳ג׳
דּוּגְמָה, מוֹפֵת;قدوة קֻדְוֵה
דּוּגְמָה;مِثَال מִתַ׳אל
דִּיכָּאוֹן;إِكْتِئَاب אִכְּתִאַאב
דַיָיג;صَيَّاد צַיַّאד
דייג;صَيَّاد سَمَك צַיַﬞאד סַמַכּ
דוכן, בסטה (בשוק);بَسْطَة בַּסְטַה
דובר;ناطق נַאטֵק
דרש;تطلّب תְטַלַّבּ
דירות;شقق שֻקַק
דִמיין;تخيّل תְחַ׳יַّל
דודים (מצד האב);عمام עְמַאם
דודים (מצד האם);خوال חְ׳וַאל
דַּוָּור;بوسطجي בּוֹסְטַגִ׳י
דִקְדוּק;قواعد קַוַאעֵד
דיאטה;رِجِيم רֵגִ׳ים
תזונה, דיאטה;حِمْيَة חִמְיַה
דמעה;دمعة דַמְעַה
דמות;شخص שַחְ׳ץ
ה (ה הידיעה);ال אִלְ
היה;كان כַּאן
היה, נשאר (להגים כפריים);بقى בַּקַא
הִגִּיעַ;وِصِل וִצֵל
בָּא, הגיע (בעבר);أَجَى אַגַ׳א
הגיע (בשימוש עם משהו מופשט - מסקנה, תוצאה וכד׳);تْوَصَّل תְוַצַّל
הָלַךְ;رَاح רַאח
הלך (ברגל);مشي מִשִי
הלך (בספרותית);ذهب דַ׳הַבּ
הוּא;هُوِّ הֻוֵّ
הרבה;كْثِير כְּתִיר
הולך?;ماشي ؟ מַאשִי ?
מוסכם, הולך, קיבלתי, בכיף;اجاك אַגַ׳אכּ
הוֹלֵךְ;رايح רַאיֵח
הולך (ברגל);مَاشِي מַאשִי
הִתְחִיל;بَدَا בַּדַא
הִתְחִיל;بَلَّش בַּלַّש
הִתְחִיל;بِدِي בִּדִי
הִתְחִיל;إِبْتَدَا אִבְּתַדַא
התחיל, החל;صَار צַאר
הִתְחִיל (עם בחורה);تحركش תְחַרְכַּש
הִיא;هِيِّ הִיֵّ
הם;همّ הֻםֵّ
הבא, הקרוב;الجاي אִלְגַ׳אי
הבא, תן;هَات הַאת
תֵּן, הָבֵא;جيب גִ׳יבּ
הבא, שלהלן;التالي אֵ(ל)תַّאלִי
הבא, הקרוב (משלב גבוה);قادم קַאדֵם
הביא;جاب גַ׳אבּ
הביא (למקום);ودّى וַדַّא
הביא (לידי, לכך ש);أَدَّى אַדַّא
הורים (שניים);والدين וַאלְדֵין
הוֹרִים;أَهْل אַהְל
הֵכִין;حَضَّر חַצַّ׳ר
היום;اليوم אֵלִיוֹם
הַתְחָלָה;بِدَايِة בִּדַאיֵה
התחלה;أوّل אַוַّל
התחלה;إِبْتِدَاء אִבְּתִדַאאְ
האם (?);هل הַל
הָיִיתִי;كُنْت כֻּנְת
השלים ,גמר, המשיך;كمّل כַּמַّל
נמשך, התמשך, המשיך, התמיד;إِسْتَمَرّ אִסְתַמַרّ
המשיך;تمّ תַםّ
התקשר, טילפן;اتّصل אִתַّצַל
התקשר, טילפן;ضرب تلفون צַ׳רַבּ תֵלֵפוֹן
הִתְקַשֵר (אל);رنّ على רַןّ עַלַא
התעורר;فاق פַאק
הִתְעוֹרֵר;صحي צִחִי
התנער, התעורר (מתרדמה, אדישות);انتفض אִנְתַפַץ׳
התעורר (נהיה עירני);صَحْصَح צַחְצַח
הֵבִין;فهم פִהֵם
הַפְסָקָה, מְנוּחָה;إستراحة אִסְתִרַאחַה
הַפְסָקָה, עֲצִירָה;انقطاع אִנְקִטַאע
הַפְסָקָה, עֲצִירָה;عدم עַדַם
הַכֹּל;كلّه כֻּלّוֹ
הכל, כל דבר;كل إشي כֻּלّ אִשִי
הרגיש;حسّ חַסّ
הִרְגִישׁ;شَعَر שַעַר
הר;جبل גַ׳בַּל
הסביר;فسّر פַסַّר
הסביר;شرح שַרַח
הסביר;فهّم פַהַّם
החליט;قرّر קַרַّר
החליט;إتّخذ قرار אִתַّחַ׳ד׳ קַרַאר
התגעגע;إِشْتَاق אִשְתַאק
הִתְגַּעְגֵּעַ (חש בחסרונו של...);إِسْتَفْقَد אִסְתַפְקַד
השתוקק, התגעגע;حَنّ חַןّ
שרעי, הלכתי (פועל לפי ההלכה המוסלמית);شَرْعِي שַרְעִי
הֵבְדֵל;فَرْق פַרְק
הִסְכִּים, קִיבֵּל;قبل קִבֵּל
הִסְכִּים (עם);وافق וַאפַק
הִסְכִּים, קָבַע, הִסְתַדֵר (עם);إتَّفَق אִתַّפַק
הִסְכִּים;رضي רִצִ׳י
הִצְלִיחַ;نِجِح נִגֵ׳ח
הִצְלִיחַ;نَجَح נַגַ׳ח
הכל בסדר, הכל טוב;كلّ شي تمام כֻּלّ שִי תַמַאם
הכל בסדר;كلّه تمام כֻּלّוֹ תַמַאם
הכל בסדר;مَاشِي מַאשִי
הפגנה;مُظَاهَرَة מֻטַ׳אהַרַה
הסתכל, הביט;تطلّع תְטַלַّע
הסתכל, צפה ב;شاهد שַאהַד
הסתכל;بَصّ בַּץ
הצלחה;تَوْفِيق תַוְפִיק
הצלחה;نَجَاح נַגַ׳אח
הצלחה;فَلَاح פַלַאח
יָדַע, הִכִּיר;عرف עִרֵף
הכיר, התוודע (מישהו);تعرّف תְעַרַّף
הַזְמָנָה;دَعْوَة דַעְוַה
הַזְמָנָה  טרם נבדק;عزيمة עַזִימֶה
הודעה, סמס;مسج מֵסֵג׳
האמין (ל..);صدّق צַדַّק
האמין (ב...);آمن אַאמַן
האמין  טרם נבדק;يعتقد יעתקד
הִרְאָה;فرجى פַרְגַ׳א
הִרְאָה;ورّى וַרַّא
הראה, הוביל, הוליך (הראה את הדרך);دَلّ דַלّ
הִרְאָה;ورجى וַרְגַ׳א
הַלְוַואִי;يَا رِيت יַא רֵית
הלוואי,אם ירצה השם, בעזרת השם;إن شاء الله אִנְשַאללַّה
הלוואי;عَلَوَّاه עָלַוּّאאה
הרים, העלה;رَفَع רַפַע
הרים;جبال גְ׳בַּאל
החליף;بدّل בַּדַّל
הומוסקסואל, הומו;مِثْلِي מִתְ׳לִי
הפתעה;مفاجأة מֻפַאגַ׳אַה
השאיר, עזב;خلّى חַ׳לַّא
הִפְסִיק, כְּבָר לֹא;بطّل בַּטַّל
הָרַג;قَتَل קַתַל
סיכוי, הזדמנות;فرصة פֻרְצַה
הזדמנות;مناسبة מֻנַאסַבֵּה
הפך;عكس עַכְּס
הפך;قلب קַלַבּ
הָיוּ;كانوا כַּאנוּ
החלטה;قرار קַרַאר
הוסיף;زاد זַאד
הוֹסִיף;ضَاف צַ׳אף
הוסיף (ספרותית);اضاف אָצָ׳אף
מחזה, הצגה (בתיאטרון);مسرحية מַסְרַחִיֵّה
הצגה, תצוגה, מופע;عرض עַרְצ׳
הוֹצִיא;طَلَّع טַלַّע
הִבְטִיחַ;وَعَد וַעַד
הִדְלִיק (אור, מכשיר);ضَوَى צַ׳וַא
הדליק, הצית;ولّع וַלַّע
הִדְלִיק (אש);شَعَّل שַעַّל
הכל בסדר, הכל טוב;كلّ شي تمام כֻּלّ שִי תַמַאם
הִצְטָרֵף;إنضمّ אִנְצַ׳םّ
חוֹזֶה, הסכם;عقد עַקְד
הסכם;إِتِّفَاق אִתִﬞפַאק
הסכם;اتّفاقيّة אִתִﬞפַאקִיֵﬞה
הֲנָחָה (במחיר);تنزيل תַנְזִיל
הֲנָחָה (במחיר);خصم חַ׳צֵם
הִדְרִיךְ, הִנְחָה;أرشد אַרְשַד
הֲנָחָה (במחיר);تخفيض תַחְ׳פִיץ׳
הִנְחָה (תוכנית);قدّم קַדַّם
הַנָּחָה, הַשְׁעָרָה;فرضيّة פַרְצִ׳יֵّה
הריון;حَمْل חַמְל
הרצאה;محاضرة מֻחַאצַ׳רַה
שיעור, הרצאה;حصّة חִצַّה
הָיְיתָה;كانت כַּאנַת
כֵּיף, הנאה;كِيف כֵּיף
הנאה;استمتاع אִסְתִמְתַאע
הנאה;مُتْعَة מֻתְעַה
הִמְלִיץ, יִיעֵץ (ל...);نصح נַצַח
המליץ (על מישהו);شكر (في) שָכַּר (פִי)
המליץ;وصّى וַצַّא
הָיִית;كنتي כֻּנְתִי
הווה, זמן הווה;حاضر חַאצֵ׳ר
התבַּיֵיש, היה נָבוֹךְ;خجل חִ׳גֵ׳ל
התבייש;إِسْتَحَى אִסְתַחַא
הציע;إقترح אִקְתַרַח
הציע;عَرَض עַרַצ׳
הִיא;هِيِّ הִיֵّ
הרס;هدم הַדַם
הָרַס, קִילְקֵל;خرّب חַ׳רַّבּ
הַרָס;دمّر דַמַّר
קילקל, הרס (מכשיר או כלי);خَرْدَق חַ׳רְדַק
הֵרֵס, חורבן;دمار דַמַאר
התחתן;تجوّز תְגַ׳וַّז
החזיר;رجّع רַגַّ׳ע
החזיר;ردّ רַד
היסטוריה;تاريخ תַארִיח׳
היי, בוא׳נה (מילת פנייה);وَلَك וַלַכּ
שיתֵק, הפריע;شلّ שַלّ
הפריע, הציק, הטריד;ضيّق צַ׳יַّק
הפריע, הציק;أزعج אַזְעַג׳
הפריע, הציק, הטריד;ضَايَق צַ׳איַק
הִפְרִיעַ, בִּילְבֵּל;دَوَش דַוַש
הִסְפִּיק;لحق לִחֵק
הספיק;كفّى כַּפַّא
הִשְתַתֵף;شارك שַארַכּ
השתתף;اشترك אִשְתַרַכּ
הוריד, הסיר;شال שַאל
הסיר, הוריד;قام קַאם
הוֹרִיד;نَزَّل נַזַّל
הוריד, החסיר ((מכמות));نَقَّص נַקַّץ
הוריד, הנמיך;هبّط הַבַּّט
הצעה;إقتراح אִקְתִרַאח
הִתְרַגֵּש;تأثّر תְאַתַّ׳ר
וְ- (ו׳ החיבור);و- וּ-
ורד;وردة וַרְדֵה
ורוד;زهري זַהְרִי
ורוד;وردي וַרְדִי
וִילוֹן;بُرْدَاي בֻּרְדַאי
וִילוֹן;سْتَار סְתַאר
וילון  טרם נבדק;برداية ברדאיה
וואלה, בחיי, באמת;واللّه וַאללַّה
וִיתֵּר (عن עַן 3an על);إستغنى אִסְתַעְ׳נַא
וִיתֵּר;تْنَازَل תְנַאזַל
ויתר (عن עַן);تخلّى תְחַ׳לַّא
ויכוח;نقاش נִקַאש
ויכוח;مشارعة מֻשַארַעַה
ויכוח;جدال גִ׳דַאל
וטרינר;بِيطَرِي בֵּיטַרִי
וירוס;فيروس פַיְרוּס
וַעַד, וַעֲדָה (קבוצת אנשים לדיון וקבלת החלטות);لَجْنِة לַגְ׳נֵה
ויתור;تنازل תַנַאזֻל
מחזור, וסת;الدورة الشّهريّة אִ(ל)דַוְרַה (אל)שַّהְרִיֵّה
כנס, ועידה;مؤتمر מֻאְתַמַר
זה;هٰذا הַאדַ׳א
זמן;وَقْت וַקְת
זמן;زمان זַמַאן
זמן;حِين חִין
זָקֵן, קָשִׁישׁ (הגיע לאריכות ימים);ختيار חִ׳תְיַאר
זָקֵן, קָשִׁישׁ (הגיע לאריכות ימים);كبير بالعمر כְּבִּיר בִּ(א)לְעֻמֻר
זָקָן (שיער פנים);ذقن דַ׳קֵן
זָקָן (שיער פנים);لِحْيِة לִחְיֵה
מְבוּגָּר, זָקֵן;كبير כְּבִּיר
זָקֵן (אדם מבוגר מאוד);شيخ שֵיח׳
זול;رخيص רְחִ׳יץ
זֹאת, הַזֹּאת;هَاذِي הַאדִ׳י
זאת;هاي הַאי
זָכַר, נִזְכַּר;تذكّر תְדַ׳כַּّר
זָכָר (בדקדוק);مذكّر מֻדַ׳כַּّר
זָכָר (מין, מגדר);ذَكَر דַ׳כַּר
זָכַר;حفظ חַפַט׳
זִיכָּרוֹן, זֵכֶר (הנצחה);ذِكْرَى דִ׳כְּרַא
זַמָּר (מקצוע);مُغَنِّي מֻעַ׳נִّי
זַמָּר;مُطْرِب מֻטְרֵבּ
זוֹנָה;شرموطة שַרְמוּטַה
זונה, פרוצה;ساقطة סַאקְטַה
זַיִן (וולגרי);زبر זֻבֻּר
זוכר;ذاكر זַאכֵּר
זוֹכֵר;حافظ חַאפֵט׳
זֶבֶל;زْبَالِة זְבַּאלֵה
זָר (לא מכאן);أَجْنَبِي אַגְ׳נַבִּי
זר (פרחים);باقة בַּאקַה
זָר;غَرِيب עַ׳רִיבּ
זז;تحرّك תְחַרַّכּ
זָז;زَاح זַאח
זָהָב (מתכת);ذَهَب דַ׳הַבּ
זוּג;جوز ג׳וֹז
זיתים;زيتون זֵיתוּן
זְאֵב;ذيب דִ׳יבּ
זכוכית;قزاز קְזַאז
זְכוּת;حَقّ חַקّ
צְלִילוּת, זַכּוּת;صَفَاء צַפַאא
טוֹבָה, חֶסֶד, זְכוּת;فضل פַצֵ׳ל
זבוב;ذبّانة דֻ׳בַּّאנֵה
זִיכָּרוֹן (היכולת לזכור);ذَاكْرَة דַ׳אכְּרַה
זִיכָּרוֹן, זֵכֶר (הנצחה);ذِكْرَى דִ׳כְּרַא
זמרת;مغنّيه מֻעַ׳נִّיֵה
זָכַה;فاز פַאז
זנב;ذنب דַ׳נַבּ
זְרִיקָה (החדרת חומר במזרק);إِبْرِة אִבְּרֵה
זריקה, השלכה;رَمِي רַמִי
זריחה;شرق שֻרֻק
צריך, זקוק;عايز עַאיֵז
צריך, זקוק  (לפני שם עצם);بحاجة ل... בְּחַאגֵ׳ה לַ...
זהוּת;هويّة הַוִיֵّה
זוֹרֵם, מִסְתַדֵּר;سالك סַאלֵכּ
זברה;حمار وحشي חְמַאר וַחְשִי
זְקֵנָה (אישה זקנה);عجوز עַג׳וּז
זִיֵין (וולגרי);ناك נַאכּ
זֶרֶם;مَجْرَا מַגְ׳רַא
זָרַם;جَرَى גַ׳רַא
זֶרֶם;تَيَّار תַיַّאר
זְרוֹעַ (יד);ذْرَاع דְ׳רַאע
זיהום (גרימה למשהו להיות מזוהם);تلويث תַלְוִית׳
פָּעִיל, זָרִיז;نَشِيط נַשִיט
זֵיעָה;عَرَق עַרַק
זמין, במלאי;متوفّر מֻתַוַפֵّר
זמני;موقّت מֻוַקַّת
זכויות;حُقُوق חֻקוּק
אם כך, זאת אומרת  טרם נבדק;معناته מַענַאתוֹ
זיהה;شخّص שַחַّ׳ץ
זרת (אצבע);خنصر חֻ׳נְצֹר
זלזל, ראה משהו כדבר קל;اسْتَهْوَن אִסְתַהְוַן
זיקוקים, זיקוקי דינור;أَلْعَاب نَارِيِّه אַלְעַאבּ נַארִיֵّה
זיקית;حرباية חִרְבַּאיֶה
חָבֵר;صَاحِب צַאחֵבּ
חבר;رفيق רַפִיק
חדר;أوضة אוֹצַ׳ה
חדר;غرفة עֻ׳רְפֵה
חזר;رِجِع רִגֵ׳ע
חזר;عاد עַאד
חם, פושר;حَامِي חַאמִי
חם, ״העולם חם״;الدنيا شوب אֵ(ל)דִّנְיַא שוֹבּ
חם (מזג האויר);شوب שוֹבּ
חם;حارّ חַארّ
חם (אבי הבעל/האישה);عمّ עםّ
חַם (מזון, משקאות);سخن סֻחְ׳ן
חֶבְרָה, קְהִילָּה;مُجْتَمَع מֻגְ׳תַמַע
חֶבְרָה (גוף עסקי);شركة שִרְכֵּה
חֲבֵרָה;صَاحْبِة צַאחְבֵּה
חֵבְרֶה (קבוצת חברים);شَبَاب שַבַּאבּ
חתול;قُطّ קֻטّ
חָתוּל;بِسّ בִּסّ
חוֹלֶה;مَرِيض מַרִיץ׳
חולה, לא מרגיש טוב;عيّان עַיַّאן
חַיִּים;حَيَاة חַיַאה
חיים;عايشين עַאיְשִין
חַיִּים;عُمْر עֻמְר
חוּלְצָה;بْلُوزِة בְּלוּזֵה
חוּלְצָה (לרוב מכופתרת);قَمِيص קַמִיץ
חשוב;مهمّ מֻהִםّ
חלון;شبّاك שֻבַּّאכּ
חָדָשׁ;جْدِيد גְ׳דִיד
חָזָק;قَوِي קַוִי
גיבור, חזק (אדם);أبو عنتر אַבּוּ עַנְתַר
עַז, חָזָק;شديد שַדִיד
חודש;شَهْر שַהְר
חברים;صحاب צְחַאבּ
חברים (משתייכים לקבוצה או אירגון);أَعْضَاء אַעְצַ׳אא
חברים;اصدقاء אַצְדִקַאא
חכם;حَكِيم חַכִּים
חכם, נבון;فهمان פַהְמַאן
חושב;مفكّر מְפַכֵּّר
חוֹם;حرارة חַרַארַה
חוּם;بنّي בֻּנִّי
חוֹם;حَمّ חַםّ
חום (גוף);سخونة סְח׳וּנֵה
חיפש;فتّش פַתַّש
חִיפֵּש, הסתובב, הפעיל את, הניע את;دوّر דַוַّר
חיפש;بحث בַּחַת׳
חֲתוּנָּה (טקס נישואין);عُرْس עֻרְס
חתונה (חגיגת נישואים);زفّة זַפֵّה
חוֹרֶף;شِتَى שִתַא
חופש, חירות;حُرِّيِّة חֻרִّיֵّה
חָמוּר (רע מאוד);خطير חַ׳טִיר
חֲמוֹר;حْمَار חְמַאר
עָיִיר (חמור צעיר);جَحْش גַ׳חְש
חָמוּר, קָשֶׁה;عاتي עַאתִי
חַכָּה;سنّارة סִנַّארַה
חבל;خسارة חְ׳סַארַה
מוכרח, חייב;مجبور מַגְ׳בּוּר
צריך, חייב (לפני פועל בתילוי);لازم לַאזֵם
חייב (למישהו);مديون מַדיוּן
חִיֵּיב;ألزم אַלְזַם
חִיֵּיב;لَزَم לַזַם
חי;عايش עַאיֵש
חמוד;نغش נִעֵ׳ש
חמוד;نغنوش נַעְ׳נוּש
חִיכָּה, הִמְתִין;إِسْتَنَّى אִסְתַנַّא
חיכה, ציפה;إنتظر אִנְתַטַ׳ר
חיכה, ציפה;نَطَر נַטַר
חשבון;حساب חְסַאבּ
חַיָּיל;جُنْدِي גֻ׳נְדִי
חג שמח, שנה טובה (לרבים);كل عام وانتو بخير כֻּלّ עַאם וּאִנְתוּ בְּחֵ׳יר
חג שמח;كلّ سنة وانت طيّب כֻּלّ סַנֵה וּאִנְתֵ טַיֵّבּ
חג שמח;عيد سعيد עִיד סַעִיד
חג שמח, שנה טובה;كُلّ عَام وإِنْتِ بْخِير כֻּלّ עַאם וּאִנְתֵ בְּחֵ׳יר
חצי;نصّ נֻץّ
חָלָב;حَلِيب חַלִיבּ
חציל, חצילים;باتنجان בַּאתֵנְגַ׳אן
חשמל;كَهْرَبَا כַּהְרַבַּא
חלום;حلم חִלֵם
חלש;ضعيف צְ׳עִיף
חוֹל (חומר);رَمْل רַמְל
חוֹף;شَطّ שַטّ
חַג;عِيد עִיד
נעדר, חסר;غايب עַ׳איֵבּ
חָסֵר;نَاقِص נַאקֵץ
חצר, כיכר;ساحة סַאחַה
חצר, גן ירק;حَكُورَة חַכוּרַה
חמש, 5;خمسة חַ׳מְסֵה
חזרה;رجعة רַגְ׳עַה
חזרה (על החומר);مُرَاجَعَة מֻרַאגַ׳עַה
חזרה, שיבה;عودة עַוְדַה
חֲזָרָה (על משהו);تكرار תִכְּרַאר
חָרִיף (טעם);حارّ חַארّ
פלפל חריף, ״חריף״ (רוטב חריף);شَطَّة שַטַّה
חיוך;ابتسام אִבְּתִסַאם
חיוך;ضحكة צַ׳חְכֵּה
חיוך;ابتسامة אִבְּתִסַאמֵה
חִיוּך;بسمة בַּסְמֵה
חיות (בעלי חיים);حيوانات חַיְוַאנַאת
חוזר;راجع רַאגֵ׳ע
חינם;مجّاناً מַגַّ׳אנַן
חינם;بلاش בַּלַאש
חושך;ظَلَام טַ׳לַאם
חושך;عتمة עַתְמֵה
חָרָא (צואה);خَرَا חַ׳רַא
חיבוק;عبطة עַבְּטַה
חיסון;تَطْعِيم תַטְעִים
חיסון;لِقَاح לִקַאח
חָתָן (איש בטקס נישואיו);عَرِيس עַרִיס
חוץ, החוצה, בחוץ;بَرَّا בַּרַّא
חוץ, מחוץ ל;خارج חַ׳ארֵג׳
חוּמוּס;حُمُّص חֻמֹّץ
חינוך (תחום עיסוק);تربية תַרְבִּיֵה
חינוך (בבית, גידול ילדים);تِرْبَايِة תִרְבַּאיֵה
לימוד, חינוך;تعليم תַעְלִים
חַסָּה (ירק);خَسِّة חַ׳סֵّה
חוק;قانون קַאנוּן
חתיך;حليوة חְלֵיוַה
חָלִיל (כלי נגינה);شُبَّابِة שֻבַּّאבֵּה
חליל (חליל רועים)  טרם נבדק;مِنْجَيْرَة מִנגַ׳יְרַה
חומר;مادّة מַאדֵّה
טיט, חומר (לכלי חרס);طين טִין
חדרים;غرف עֻ׳רַף
חֲדָרִים;أُوَض אֻוַץ׳
רְעוּת, חֲבֵרוּת;صداقة צַדַאקַה
יְדִידוּת, חֲבֵרוּת;أُلْفِة אֻלְפֵה
חברות;صاحبات צַאחְבַּאת
חָתַךְ;قطع קַטַע
חָגַג;اِحْتَفَل אִחְתַפַל
חָגַג (חג);عَيَّد עַיַّד
חרוץ, פיקח;شاطر שַאטֵר
חצאית;تنّورة תַנّוּרַה
חגורה;حزام חְזַאם
חור;خزق חֻ׳זֻק
חֲזִיר;خَنْزِير חַ׳נְזִיר
חזה;صدر צִדְר
בסדר, טוב;مْنِيح מְנִיח
בסדר, טוב;تمام תַמַאם
טוֹב;كْوَيِّس כְּוַיֵّס
טוב, בסדר, טעים;طيّب טַיֵّבּ
טוֹב;طبّ טַבּّ
טעים;زَاكِي זַאכִּי
טוב, בסדר, טעים;طيّب טַיֵّבּ
טעים;لذيذ לַדִ׳יד׳
טיול;رِحْلِة רִחְלֵה
טיול, סיור;جولة גַ׳וְלֵה
טיול;مِشْوَار מִשְוַאר
טיול;شمّة هوا שָׁמֶّת הַוַא
טעות;غلطة עַ׳לְטַה
טעות;غلط עַ׳לַט
טעות;خطأ חַ׳טַא
טֶלֶפוֹן, טלפון סלולרי;تلفون תַלֵפוֹן
טלפון;هاتف הַאתֵף
טִיפֵּשׁ;تيس תֵיס
טיפש;غبي עַ׳בִּי
טִיפֵּש, מְטוּמְטָּם;أَهْبَل אַהְבַּל
טיפש, מטומטם;مهبول מַהְבּוּל
טִיפֵּש;أَحْمَق אַחְמַק
טיפש;عبيط עַבִּיט
טַעַם;ذُوق ד׳וֹק
טָעַם;ذاق דַ׳אק
טייל, שוטט, נדד;تجوّل תְגַ׳וַّל
טִייֵּל, הִתְהַלֵּך;تْمَشَّى תְמַשַّא
טִיֵיל (מילולית - הריח את האוויר);شمّ الهوا שָםّ אֵלְהַוַא
טייל, הסתובב (ברחובות);طَشّ טַשّ
טרי (גם ברבים);طازا טַאזַא
טס (במטוס);سافر סַאפַר
טִיפּוּל (רפואי);عِلَاج עִלַאג׳
טיפול;عناية עִנַאיֵה
טִיפּוּל;معالجة מֻעַאלַגֵ׳ה
טיסה  טרם נבדק;سَفرة ספרה
טיל;صاروخ צַארוּח׳
טבח;طبّاخ טַבַּّאח׳
טְבַח, שְׁחַט (בציווי);إذبح אִדְ׳בַּח
טבח, שף;طاهي טַאהִי
טַבַּעַת (לאצבע);خَاتِم חַ׳אתֵם
עיגול, טבעת (פריט עגול);حلقة חַלְקַה
טֵלֵוִיזְיָה;تِلْفِزْيُون תִלְפִזְיוֹן
טיפל;عالج עַאלַג׳
טעה;غلط עִ׳לֵט
טְחִינָה  (מחית שומשום);طَحِينِة טַחִינֵה
טובים;مناح מְנַאח
טַיָּיס;طيّار טַיַّאר
טָל (לחות);نَدَى נַדַא
טבעוני;خضري חֻ׳צַ׳רִי
טיפס;تعمشق תְעַמְשַק
טיפס  טרם נבדק;تسلّق תסָלָק
טיפה;قطرة קַטְרַה
טיפה;نقطة נֻקְטַה
טועה;غلطان עַ׳לְטַאן
טרור;ارهاب אִרְהַאבּ
נורמלי, טבעי;طبيعي טַבִּיעִי
טכנאי;مصلح מֻצַלֵّח
טכנאי;فنّي פַנִّי
טבק;تبغ תַבַּע׳
טקסט;نَصّ נַץّ
אמצע, טהור  טרם נבדק;صَمِيم צַמִים
טנק;دبّابة דַבַּّאבֵּה
טיולים;رحلات רִחְלַאת
טיולים;مشاوير מַשַאוִיר
טופס;استمارة אִסְתִמַארַה
טלה, גדי;سخلة סַחְ׳לֵה
טָלֶה (כבש צעיר);حَمَل חַמַל
טעויות;اخطاء אָחְ׳טָאאְ
טָעַן (טען טענה);ادّعى אִדַّעַא
טָעַן (טלפון);شَحَن שַחַן
טורקיה;تُرْكِيَّا תֻרְכִּיַّא
טבלה;جدول גַ׳דְוַל
טבלה;لوحة לַוְחַה
טיפות;نقط נֻקַט
טווס;طاووس טַאווּס
טִיגֵּן;قَلَى קַלַא
טַיֶּילֶת (רחבה להליכה לאורך החוף);مُنْتَزِه מֻנְתַזֵה
עצה, טיפ;نَصِيحَة נַצִיחַה
טִיפ, תֶשֶר (במסעדה);بخشيش בּחְ׳שִיש
טְעִימָה (אכילת מנה קטנה)  טרם נבדק;ذوقَة ד׳וֹקַה
טְעִימָה (אכילת מנה קטנה)  טרם נבדק;ذوقَة ד׳וֹקַה
טְעִימָה (אכילת מנה קטנה)  טרם נבדק;ذوقَة דוֹקַה
טְעִימָה (אכילת מנה קטנה)  טרם נבדק;ذوقَة ד׳וֹקַה
טעימה, קצת מ (חשיפה לחלק קטן או תמצית של משהו);نبذة נַבְּדֵ׳ה
טורקיז, אבן טורקיז;فيروز פַיְרוּז
יָפֶה;حِلُو חִלוּ
יָפֶה;جميل גַ׳מִיל
יפה;جميلة גַ׳מִילֵה
יִיפה, קישט;جمّل גַ׳מַّל
יֵשׁ;فِي פִי
יכול (אתה);بتقدر בְּתִקְדַר
יכול (גוף ראשון הווה-עתיד);بقدر בַּקְדַר
יכול (הוא);بيقدر בִּיקְדַר
יכול, מסוגל;قادر קַאדֵר
תינוק, ילד, ילד קטן;طِفْل טִפְל
יֶלֶד;وَلَد וַלַד
נַעַר, יֶלֶד;صَبِي צַבִּי
ילד (שמור ע״י אלוהים);محروس מַחְרוּס
יצא;طِلِع טִלֵע
יָצַא (עם מישהו לדייט);واعد וַאעַד
יצא (בספרותית);خرج חַ׳רַג׳
יָם;بَحَر בַּחַר
יוֹם (שעות האור);نْهَار נְהַאר
יוֹם (כל היממה);يُوم יוֹם
יש לי;الي אִלִי
יש לי, אצלי;عندي עִנְדִי
ישן, עתיק;عَتِيق עַתִיק
יָשַן, שָכַב;نام נַאם
ישן;قديم קַדִים
יַשֵן;نايم נַאיֵם
ילדים;ولاد וְלַאד
ילדים, נערים;صِبيَان צִבְּיַאן
ילדים;عْيَال עְיַאל
יקר;غالي עַ׳אלִי
יקר (לבן אדם);عزيز עַזִיז
אהוב, יקר;حَبِيب חַבִּיבּ
יודע;عارف עַארֵף
יותר מ...;أكثر אַכְּתַ׳ר
יותר;أكثر אַכְּתַר
יָד;إيد אִיד
ירוק;أخضر אַחְ׳צַ׳ר
ישב;قعد קַעַד
ישב (בספרותית);جلس גַ׳לַס
ירקות;خضرة חֻ׳צְ׳רַה
בת, ילדה;بِنْت בִּנְת
בחורה, נערה, יָלְדָה;صَبِيِّة צַבִּיֵّה
ילדה, הביאה ילד לעולם;خلّفت חַ׳לַّפַת
ילדה, הביאה ילד לעולם;ولدت וִלְדַת
ילדה, הביאה ילד לעולם;جابت גַ׳אבַּת
יחד, ביחד;مع بعض מַע בַּעֵץ׳
יחד, ביחד;سوا סַוַא
יהיה;بيكون בִּיכּוּן
יהיה  טרם נבדק;يكون יכּוּן
יום הולדת;عيد ميلاد עִיד מִילַאד
יָרֵחַ (ירח מלא);بَدْر בַּדְר
יָרֵחַ;قَمَر קַמַר
יש לך;عندك עִנְדַכּ
אִיתְּךָ, עִימְךָ, יש לך;معاك מַעַאכּ
יָדַע, הִכִּיר;عرف עִרֵף
יֶדַע;علم עִלְם
יָרַד;نزل נִזֵל
פחת, ירד;خفّ חַ׳ףّ
יושב;قاعد קַאעֵד
יַיִן;نْبِيذ נְבִּיד׳
יַיִן;خَمْر חַ׳מְר
יער;غابة עַ׳אבֵּה
יָמִין;يَمِين יַמִין
יָמִים (ריבוי של יום);أَيَّام אַיַّאם
יאללה, בוא;يلّا יַלַّא
יְהוּדִי;يَهُودِي יַהוּדִי
יכל;قدر קִדֵר
ידיים;إِيدين אִידֵין
יציאה (פעולה);خروج חֻ׳רוּג׳
יופי;جمال גַ׳מַאל
יבש;ناشف נַאשֵף
יוֹם רְבִיעִי;يوم الأربعاء יוֹם אֵלְאַרְבְּעַא
יְבוּא;استيراد אִסְתִרַאד
יוצא;طالع טַאלֵע
יום הולדת שמח;عيد ميلاد سعيد עִיד מִילַאד סַעִיד
פגישה, ישיבה;جلسة גַ׳לְסֵה
ישיבה (ללא מעש);قعود קְעוּד
יַרְדֵּן;الْأُرْدُن אֵלְאֻרְדֻן
יָרָה (בְּ);طخّ (على) טַחّ׳ (עַלַא)
ירה, פתח באש;اطلق نار אָטלָק נָאר
יונה;حمامة חַמַאמֵה
יותר טוב, עדיף;أَحْسَن אַחְסַן
יכולה (את);بتقدري בְּתִקְדַרִי
יכולה (היא);بتقدر בְּתִקְדַר
יש לו;عنده עִנְדוֹ
יַרַק;تفّ תַףّ
יָפִים;حلوين חִלְוִין
קשר, יחס;علاقة עַלַאקַה
יַחַס (צורת התנהגות);مُعَامَلِة מֻעַאמַלֵה
יחס;نسبة נִסְבֵּה
יחיד (בדקדוק);مُفْرَد מֻפְרַד
יחיד (מתוך קבוצה);فرد פַרְד
יהלום;ألماظ אַלְמַאט׳
יהלום (בקלפים);ديناري דִינַארִי
ילדות;طفولة טֻפוּלֵה
ילדות;صُغر צֻעְ׳ר
יִהוּדִים;يَهُود יַהוּד
יַתּוּשׁ, יַתּוּשָׁה;نَامُوسِة נַאמוּסֵה
ידוע, מוכר;مَعْرُوف מַעְרוּף
יותר מדי;بزيادة בִּזִיַאדֵה
יותר מדי;اكثر من اللّازم אַכְּתַ׳ר מִן אֵ(ל)לַّאזֵם
יְחִידָה;وحدة וַחְדֵה
ידיעה;خبر חַ׳בַּר
יורד;نازل נַאזֵל
יָפוֹ (עיר);يَافَا יַאפַא
יָצַר, בָּרָא;خلق חַ׳לַק
המציא, יצר;بدع בַּדַע
יִיצֵר;صنع צַנַע
יִיצר;انتج אַנְתַג׳
יועץ;مستشار מֻסְתַשַאר
יְשַנֶה;يغيّر יְעַ׳יֵّר
יתרון;حسنة חַסַנֵה
יתרון;افضليّة אַפְצַ׳לִיֶﬞה
יכולת, הספק;قدرة קֻדְרַה
אהובי, יקירי;حبيبي חַבִּיבִּי
ישראלי;اسرائيلي אִסְרַאאִילִי
כַּמָּה (לספיר);كَم כַּם
כַּמָּה (לבלתי ספיר);قَدِّيش קַדֵّיש
כָּמָה, אחדים;بَعَض בַּעַץ׳
כמה (לספיר);أَكَمّ אַכַּםّ
כמה (אנשים);أّكَمّ وَاحَد אַכַּםّ וַאחַד
מספר, כמה;عدّة עִדֵّה
כמו;زيّ זַיّ
כְּמוֹ;مثل מִתֵ׳ל
כַּמּוּת, כְּמוֹ (כמותית);قَدّ קַדّ
כֶּסֶף (אמצעי תשלום);فلوس פְלוּס
כֶּסֶף (אמצעי תשלום);مَصَارِي מַצַארִי
כֶּסֶף, כְּסָפִים (אמצעי תשלום);مصريّات מַצְרִיַّאת
כֶּסֶף (מתכת);فِضَّة פִצַّ׳ה
כַּסוּף, כֶּסֶף (בצבע כסף);فضّي פִצִّ׳י
כסף, ממון (בספרותית);مَال מַאל
כן;ايوه אַיְוַה
כֵּן, נָכוֹן, אָכֵן;آه אַאה
כן (מנומס);نعم נַעַם
כן (מנומס);اي نعم אַי נַעַם
ישר, כֵּן, דובר אמת;صَادِق צַאדֵק
כֶּלֶב;كَلْب כַּלְבּ
כִּיתָּה;صَفّ צַףّ
ספל, כוס  (כוס קטנה לקפה);فِنْجَان פִנְגַ׳אן
כוס;كَاس כַּאס
כּוֹס;كُبَّايِة כֻּבַּّאיֵה
כֹּל;كلّ כֻּלّ
כֹּל;جَمِيع גַ׳מִיע
כָּתַב;كتب כַּתַבּ
כחול;أزرق אַזְרַק
כדור;كرة כֻּרַה
כּדוּר (תרוּפה);حبّة חַבֵּّה
כַּדוּר (למשחק);طابة טַאבֶּה
כְּדֵי, כְּדֵי ש-;حَتَّى חַתַّא
כְּדֵי (ש);عَشَان עַשַאן
כְּדֵי (ש);تَنُّو תַנّו
כְּדֵי ש, כְּדֵי ל (לפני פועל);تَ תַ-
כְּפָר;قَرْيِة קַרְיֵה
עִיר, כְּפָר;بلد בַּלַד
כפר, עיירה (בסוריה ובלבנון);ضيعة צֵ׳יעַה
כָּפַר (בדת);كفر כַּפַר
כָּל הַכָּבוֹד (קריאה לשם הבעת הערכה);كلّ الاحترام כֻּלّ אִלְאִחְתִרַאם
כל הכבוד, יישר כוח;يعطيك العافية יַעְטִיכּ אִלְעַאפְיֵה
כל הכבוד;براڤو عليك בְּרַאבוֹ עַלֵיכּ
כָּבוֹד;شَرَف שַרַף
כָּבוֹד;احترام אִחְתִרַאם
כָּבוֹד;كرامة כַּרַאמֵה
כָּבוֹד;عرض עַרְץ׳
כבוד, הוקרה, הדרת פנים  טרם נבדק;وَقَار וַקַאר
שום דבר, כלום;وَلَا إِشِي וַלַא אִשִי
כלום  טרם נבדק;شحار שחאר
כיסא;كُرْسِي כֻּרְסִי
כולם, כל האנשים;كل الناس כֻּלֵّ (אל)-נַّאס
כּוֹעֵס;زَعْلَان זַעְלַאן
נרגז, כועס;غضبان עַ׳צְ׳בַּאן
כועס, נעלב;حردان חַרְדַאן
כּוֹעֵס (בלהגים מסוימים);طَفْرَان טַפְרַאן
כְּאֵב;وَجَع וַגַ׳ע
כְּאֵב;أَلَم אַלַם
כָּאַב;وجع וִגֵ׳ע
כּוֹבַע;طاقيّة טַאקִיֵّה
כדורגל;كرة القدم כֻּרַת אֵלְקַדַם
כדורגל;فوتبول פוּתְבּוֹל
כביש;طريق טַרִיק
כּוֹאֵב, מַכְאִיב;أَلِيم אַלִים
כִּמְעַט;تقريبًا תַקְרִיבַּן
ככה;هيك הֵיכּ
ככה , כך  טרם נבדק;كِده כדה
כֶּבֶשׂ (זכר);خَرُوف חַ׳רוּף
כָּבַשׁ;إحتلّ אִחְתַלّ
אַיִל (כבש ממין זכר);كبش כַּבְּש
כף;مَعْلَقَة מַעְלַקַה
כָּתוֹם (צבע);بُرْدْقَانِي בֻּרְדְקַאנִי
כָּבֵד (שמשקלו רב);ثْقِيل תְקִיל
כָּבֵד (איבר בגוף);كِبْد כִּבְּד
כָּעַס;غِضِب עִ׳צֵ׳בּ
כַּעַס;غَضَب עַ׳צַ׳בּ
כעס (מאד);حرد חִרֵד
כיוון;نَاحَة נַאחַה
כִּיוּוּן;إِتِّجَاه אִתִّגַ׳אה
הִיפְנָה, כִּיוֵּון;وجّه וַגַّ׳הְּ
כּוֹחַ, עוצמה;قُوِّة קֻוֵّה
כוח;حيل חֵיל
כוכב (בשמיים או צורה);نجمة נִגְ׳מֵה
כוכב לכת;كوكب כַּוְכַּבּ
כנס, התכנסות;حفل חַפֵל
כַּפִּית;مَعْلَقِة شَاي מַעְלַקֵת שַאי
כַּפִּית;مَعْلَقَة صْغِيرِة מַעְלַקַה זְעִ׳ירֵה
כַּפִּית;زَلَفِة זַלַפֵה
כרית;مخدّة מְחַ׳דֵّה
כרטיס;كرت כַּרְת
כרטיס;تذكرة תַדְ׳כַּרַה
כלא;حبس חַבְּס
כָּלָא;حبس חַבַּס
כַּלָּה (אישה בטקס נישואיה);عَرُوس עַרוּס
כְּרוּב (ירק);مَلْفُوف מַלְפוּף
חצר, כיכר;ساحة סַאחַה
כיכר;ميدان מַיְדַאן
מעגל תנועה, כיכר;دَوَّار דַוַّאר
כַּאֲשֶׁר, כְּשֶ-;لَمَّا לַמַّא
כִּיס;جِيب גֵ׳יבּ
מובן, משמעות, כוונה;معنى מַעְנַא
כוונה;قَصْد קַצְד
מטרה, כוונה;غاية עַ׳איֵה
כוונה;نِيِّة נִיֵّה
כתובת;عنوان עִנְוַאן
כל כך;هلقدّ הַל-קַדّ
כָּנִרְאֶה;مْبَيِّن מְבַּיֵّן
כנראה, כפי שנראה  טרם נבדק;على ما يبدو עַלַא מַא יַבּדוּ
כָּנִרְאֵה;ترا תַרַא
כַּלְכָּלָה;إِقْتِصَاد אִקְתִצַאד
כביסה;غسّالة עַ׳סַّאלֵה
כביסה;غَسِيل עַ׳סִיל
ניצחון, כיבוש (במלחמה);فَتْح פַתְח
כיבוש;إحتلال אִחְתִלַאל
כְּלִי, מכשיר;آلة אַאלֵה
כְּלִי, מַכְשִׁיר;أداة אַדַאה
ככה , כך  טרם נבדק;كِده כדה
כֵּלִים;أدوات אַדַוַאת
כֵּלִים, מכשירים;آلات אַאלַאת
ציוד, כלים, מכשירים  טרם נבדק;مُعَدَّات מֻעַדַّאת
כיור;مغسلة מַעְ׳סַלֵה
כיור (מטבח);مجلى מַגְ׳לַא
כדורסל;كرة السّلّة כֻּרַת אֵ(ל)סַّלֵّה
כמה זה עולה?;قديش حقه קַדֵיש חַקוֹ?
יחידת צאן, כבשה;غنمة עַ׳נַמֵה
כבשה;نَعجِة נַעְגֵ׳ה
כְּרוּבִית (בירושלים);زَهْرَة זַהְרַה
כְּרוּבִית (בגליל);قَرْنَبِيط קַרְנַבִּיט
כָּתוּב;مكتوب מַכְּתוּבּ
כאילו (עם כינוי חבור);كانّ כַּאִןّ
כֶתר;تاج תַאג׳
כִּיבָּה;طَفَى טַפַא
כֵּהֶה (לא משמש לצבע עור);غَامِق עַ׳אמֵק
כְּלָבִים;كْلَاب כְּלַאבּ
כְּלוֹמַר;يَعْنِي יַעְנִי
כפתור;زرّ זִר
כולנו  טרם נבדק;كُلنا כלנא
כָּתְבָה;كتبت כַּתְבַּת
כַּתָּבָה;تقرير תַקְרִיר
כתף;كتف כִּתֵף
כְּפָפוֹת;كفوف כְּפוּף
כּפפות;إصبعنيّات אִצְבַּעַנִיָّאת
כד;جرّة גַ׳רַה
לֹא  (שלילת פועל);ما מַא
לא (שלילת שם עצם/תואר ובינוניים);مش מִש
לֹא (מילת שלילה);لا לַא
כֶּלֶא, בית סוהר;سِجْن סִגְ׳ן
לא (שלילת פועל);ش ש
לא, אינו (בסוריה);مو מוּ
לַמָּה, מַדּוּעַ;لِيش לֵיש
לַמָּה, מַדּוּעַ;لِيه לֵיה
לַמָּה, מַדּוּעַ  (בספרותית);لماذا לִמַאדַ׳א
לְמָה, בִּשְׁבִיל מָה;لشو לַשוּ
לְמָה, בִּשְׁבִיל מָה;لإيش לַאֵיש
לָמָה (בעל חיים);لاما לַאמַא
לְ, לפני (בשעון);إِلَّا אִלַّא
לְ;ل לַ
ל, אל (למקום);على עַלַא
לומד;متعلّم מִתְעַלֵﬞם
לְ, לפני (בשעון);إِلَّا אִלַّא
מוּל, לִפְנֵי;قدّام קֻדַّאם
לפני;قبل קַבְּל
לילה טוב (לנקבה);تصبحي على خير תִצְבַּחִי עַלַא חֵ׳יר
לילה טוב;تصبح على خير תִצְבַּח עַלַא חֵ׳יר
לילה טוב (תשובה);وانت من اهله וּאִנְתֵ מִן אַהְלוֹ
לילה טוב (לזכר);تصبح على خير תִצְבַּח עַלַא חֵ׳יר
לילה טוב (תשובה);تلاقي الخير תְלַאקִי (א)לְחֵ׳יר
לֶךְ (להלך, להסתלק, לנוע);روح רוּח
לְךָ, בשבילךָ, עבורךָ;إلك אִלַכּ
לָךְ, בשבילֶך, עבורֶך;إلك אִלֵכּ
הִסְתַלֵּק!, לֵךְ! (בציווי. מילולית - התגלגל!);إِدْحَل אִדְחַל
ברשותך, להתראות;بخاطرك בְּחַ׳אטְרַכּ
להתראות;إِلَى اللِّقَاء אִלַא (אל)לִّקַאא
להתראות;مع السلامة מַע אִ(ל)סַّלַאמֵה
לָקַח;أَخَذ אַחַ׳ד׳
לקח, נטל;إتّخذ אִתַّחַ׳ד׳
לקח, הביא מישהו למקום;وَصَّل וַצַّל
לָמַד;تْعَلَّم תְעַלַّם
לָמַד, שִׁינֵּן;حفظ חַפַט׳
לָמַד;درس דַרַס
ליד;جنب גַ׳נְבּ
על יד, ליד;حَدّ חַדّ
לָבָן (צבע);أَبْيَض אַבְּיַץ׳
לִישוֹן (אני), שאשן;أنام אַנַאם
לישון (הוא), שישן;ينام יְנַאם
לישון  טרם נבדק;نامي נאמי
אלך, ללכת (גוף ראשון);أروح אַרוּח
לַיְלָה;لِيل לֵיל
לכן;عشان هيك עַשַאן הֵיכּ
לכן, כתוצאה מכך;منشان هيك מִנְשַאן הֵיכּ
לכן, כתוצאה מכך (בספרותית);لذالك לִדַ׳אלֵכּ
לֵב;قَلْب קַלְבּ
לבד;لحال לַחַאל
בעצמי, לבד (אני);لحالي לַחַאלִי
לפעמים;مرّات מַרַّאת
לפעמים;أوقات אַוְקַאת
לפעמים;أحياناً אַחְיַאנַן
לאט;شوي شوي שְׁוַיّ שְׁוַיّ
לאן?;لوين לַוֵין?
לאן;ع وين עַ-וֵין
לו, אילו;لو לַו
לַמְרוֹת שֶ-, אֲפִילוּ שֶ-;مع إنّه מַע אִנّוֹ
לַמְרוֹת שֶ-, אֲפִילוּ שֶ-;بالرغم من إنّه בִּ(אל)רַّעְ׳ם מִן אִנّוֹ
למרות;رغم רַעְ׳ם
לַחַץ;ضغط צַ׳עְ׳ט
לָחַץ (פועל);ضغط צַ׳עַ׳ט
לַחַץ (על כפתור, במחשב);كبس כַּבַּס
לחץ;عصّ עַץّ
לַחַץ (על כפתור, למשל; על אדם אחר)  טרם נבדק;زرّ זִר
שיעורים, לימודים;دْرُوس דְרוּס
לימודים;دراسة דִרַאסֵה
מעל, למעלה;فُوق פוֹק
לבריאות;صحّة צַחַّה
לא יודע;مش عارف מִש עַארֵף
לא יודע, לא יודעת;باعرفش בָּאעָרְפֶש
לבש, התלבש;لبس לִבֵּס
ענד את, לבש את  טרם נבדק;اِرْتَدَى אִרְתַדַא
לימון;ليمون לַימוּן
לימון;حامض חַאמֵץ׳
למטה;تَحْت תַחְת
לימד;علّم עַלַّם
לוח;لُوح לוֹח
לפי, על פי;حَسَب חַסַבּ
לפחות;على الاقلّ עַלַא (א)לְאַקַלّ
שִיעוּר, לימוד;دَرْس דַרְס
לימוד, חינוך;تعليم תַעְלִים
לחוץ;مضغوط מַצְ׳ע׳וּט
לקוח;زبون זְבּוּן
לבנון;لبنان לֻבְּנַאן
לֵידָה;وِلَادِة וִלַאדֵה
לֵידָה;خِلْفِة חִ׳לְפֵה
שטויות, לא נורא, בקטנה;بَسِيطَة בַּסִיטַה
לא נורא;مَعَلِيش מַעַלֵיש
למשל, לדוגמא;مثلاً מַתַ׳לַן
לוֹחֵם, ג׳יהדיסט (במלחמת קודש);مجاهد מֻגַ׳אהֵד
לוֹחֵם;محارب מֻחַארֵבּ
לוֹחֵם;مُقَاتِل מֻקַאתֵל
מָה;إِيش אֵיש
מָה;شُو שוּ
מָה (ספרותית);مَاذَا מַאדַ׳א
משפחה  (גרעינית);عِيلِة עֵילֵה
משפחה (רחבה);أهل אַהְל
מָחָר;بُكْرَا בֻּכְּרַא
מָתַי (מילת שאלה);إِيمْتَى אֵימְתַא
מָתַי (מילת שאלה);وِينْتَى וֵינְתַא
מתי (בספרותית);متى מַתַא
מוֹרֶה;مْعَلِّم מְעַלֵّם
מוֹרָה;معلّمة מְעַלְّמֵה
מורֶה;أستاذ אֻסְתַאד׳
מורָה;أستاذة אֻסְתַאדֵ׳ה
מִדְבָּר;صحرا צַחְרַא
מִי (מילת שאלה);مِين מִין
מַיִם;مَيِّة מַיֵّה
מצא;لقى לַקַא
מָצַא;لاقى לַאקַא
מצא;وجد וַגַ׳ד
מיטה;تَخْت תַחְ׳ת
מיטה;فراش פְרַאשׁ
מִיטָּה;فَرْشِة פַרְשֵה
מִיטָּה;سرير סְרִיר
מְדִינָה;دُولِة דוֹלֵה
מה שלומך?;كيف حالك כִּיף חַאלַכּ?
מעניין (מילולית- מעורר);مثير מֻתִ׳יר
מעניין, מעורר עניין;مثير للاهتمام מֻתִ׳יר לִלִאהְתִמַאם
מהנה, מעניין;ممتع מֻמְתֵע
מַיִם;مَيِّة מַיֵّה
מִסְפָּר;نُمْرَة נֻמְרַה
מִסְפָּר;رَقَم רַקַם
מספר, כמות;عدد עַדַד
מספר, כמה;عدّة עִדֵّה
מכונית;سَيَّارة סַיַّארַה
מהר, במהירות;بْسُرْعَة בְּסֻרְעַה
מְאוֹד;كثير כְּתִיר
מְאוֹד (בספרותית או מדוברת משכילית);جدّاً גִ׳דַّן
מאוד, עד מאוד  טרם נבדק;لِلْغَايَة לִלְעַ׳איַה
מָקוֹם;مَحَلّ מַחַלّ
מָקוֹם;مَكَان מַכַּאן
מקום;مَطْرَح מַטְרַח
מְנַהֵל (תפקיד);مُدِير מֻדִיר
מספיק;بيكفّي בִּיכַּפִّי
די, מספיק;بسّ בַּסّ
מספיק, די;خلص חַ׳לַץ
מספיק;كفاي כִּפַאי
מספיק;كفاية כִּפַאיֵה
מִצְטָעֵר;مِتْأَسِّف מִתְאַסֵّף
מִצְטָעֵר;آسِف אַאסֵף
מִילָּה;كِلْمِة כִּלְמֵה
מִילָה, ״בְּרִית״ (מנהג דתי);ختان חִ׳תַאן
מְחִיר;سِعْر סִעְר
מִתְגַּעְגֵּעַ;مِشتاق מִשְתַאק
מן, מ...;من מִן
מלפפון;خيارة חְ׳יַארַה
מה הקטע?, מה קורה?, מה הבעיה?;شُو الدَعْوة שוּ (אל)דַّעְוֵה
מזל טוב, תתחדש;مَبْرُوك מַבְּרוּכּ
מזל טוב (אלף פעמים מבורך);الف مَبْرُوك אַלְף מַבְּרוּכּ
מוכן;جَاهِز גַ׳אהֵז
נוכח, מוכן;حَاضِر חַאצֵ׳ר
מצב;وَضْع וַצְ׳ע
מצב;حال חַאל
מַצָּב;حَالِة חַאלֵה
משפט;جملة גֻ׳מְלֵה
משפט (בבית משפט);محاكمة מֻחַאכַּמֵה
מיוחד;خصوصي חֻ׳צוּצִי
מְיוּחַד, יחודי;خاصّ חַ׳אץّ
ידוע, מוכר;مَعْرُوف מַעְרוּף
מוֹכֵר (אדם שמוכר);بَيَّاع בַּיַّאע
מוּכָּר  טרם נבדק;مَأْلُوْف מָאלוּפ
מוקדם;بدري בַּדְרִי
מוקדם;بكّير בַּכִּّיר
מִכְתָּב;كتاب כִּתָאבּ
מַתָּנָה;هَدِيِّة הַדִיֵّה
בא, מגיע (בזמן הווה);جَاي גַ׳אי
מִסְעָדָה;مَطْعَم מַטְעַם
מַרְגִיש;حاسس חַאסֵס
מרגיש;شَاعر שַאעֵר
משרד;مكتب מַכְּתַבּ
מחלקה, משרד;دائرة דַאאִרַה
משרד (של שר);وزارة וִזַארַה
מאוחר;متأخّر מִתְאַחֵّ׳ר
מזל;شنس שַנְס
מזל;بخت בַּחְ׳ת
מַזָּל (גורל, נסיבות חיים);حَظّ חַט׳ّ
מַזָּל (אסטרולוגי);بُرْج בֻּרְג׳
מזל, גורל;قسمة קִסְמֵה
מזל, גורל;نصيب נַצִיבּ
דבר, משהו;إِشِي אִשִי
דבר, משהו;شي שִי
דבר, משהו (כמו شي או ايشي);حاجة חַאגֵ׳ה
משעמם;مملّ מֻמִלّ
מֶלֶך;مَلِك מַלִכּ
מחברת;دفتر דַפְתַר
מבחן;إمتحان אִמְתִחַאן
שָׁלֵם, מָלֵא;كامل כַּאמֵל
מָלֵא;مَلْيَان מַלְיַאן
מת;مات מַאת
נפטר, מת;توفّى תְוַפַא
מָתוֹק (טעם);حِلُو חִלוּ
מְקָרֵר;ثَلَّاجِة תַ׳לַّאגֵ׳ה
מקרר;بَرَّاد בַּרַّאד
מַדְרִיךְ;مرشد מֻרְשֵד
מַדְרִיךְ;دليل דַלִיל
בית מלון, מלון;فُنْدُق פֻנְדֻק
מֵלוֹן;شُمَّام שֻמַّאם
בית מלון, מלון;أُوتِيل אוֹתֵיל
מחכה;مِستَنّي מִסְתַנִّי
מישהו;وَاحَد וַאחַד
מישהו (בשאלה או שלילה);حَدَا חַדַא
מָכַר;باع בַּאע
מצויין;مُمْتَاز מֻמְתַאז
מעולה, מצויין (על אוכל);مرتّب מְרַתַّבּ
מְכוֹעָר;قبيح קַבִּיח
מְכוֹעָר;بشع בִּשֵע
מוּל, לִפְנֵי;قدّام קֻדַّאם
מוּל;قبال קְבַּאל
מטוס;طَيَّارَة טַיַّארַה
מִטְבָּח;مطبخ מַטְבַּח׳
מערב;غرب עַ׳רְבּ
מזרח;شرق שַרְק
מזלג;شوكة שׁוֹכֵּה
מִילוֹן;قَامُوس קַאמוּס
מילון, לקסיקון (אוסף של מילים ופירושן)  טרם נבדק;مُعْجَم מֻעְגַ׳ם
מן, מ...;من מִן
מִילִּים;كَلِمَات כַּלִמַאת
מצחיק;مضحك מֻצ׳חֶכּ
מְעַט;قَلِيل קַלִיל
מַפְתֵּחַ;مُفْتَاح מֻפְתַאח
מִכְנָסַיִים;بَنْطَلُون בַּנְטַלוֹן
מְעִיל (ספרותית);معطف מִעְטַף
מְעִיל;جاكيت גַ׳אכֵּית
מְעִיל;كبّوت כַּבּّוּת
מִלְחָמָה;حَرْب חַרְבּ
מאמין (נכון/לא נכון);مصدّق מְצַדֵّק
מִסְגָּד;جَامِع גַ׳אמֵע
מִסְגָּד;مَسْجِد מַסְגֵ׳ד
מַתְאִים;مناسب מֻנַאסֵבּ
מתאים;ملائم מֻלַאאֵם
מִיָּד;قَوَام קַוַאם
מִיָּד;عَلَى طُول עַלַא טוּל
מיד;فوراً פַוְרַן
ברגע ש, מיד (לפני פועל)  טרם נבדק;بس בס
מִיָּד;حَالاً חַאלַן
מסיבה, נשף;حفلة חַפְלֵה
חגיגה, מסיבה;اِحتفال אִחְתִפַאל
נָסַע (לטיול, לחו״ל);سافر סַאפַר
נָסַע (בכלי תחבורה / עלה על);ركب רִכֵּבּ
נסע (למקום);رَاح רַאח
נכון;مزبوط מַזְבּוּט
נכון;صحّ צַחّ
נכון;صحيح צַחִיח
כֵּן, נָכוֹן, אָכֵן;آه אַאה
נִשְאַר;ضَلّ צַ׳לّ
נִשְאַר;بقي בִּקִי
נשאר, נותר;فضل פִצֵ׳ל
היה, נשאר (להגים כפריים);بقى בַּקַא
נתן;أّعْطَى אַעְטַא
נמצא;موجود מַוְג׳וּד
קיים, נמצא;كَايِن כַּאיֵן
נִיסָה, בָּדַק;جرّب גַ׳רַّבּ
נִיסַה, הִשְתַדֵל;حاول חַאוַל
נַעֲלַיִים (זוג);كُنْدَرَة כֻּנְדַרַה
נַעֲלַיִים (זוג);صرماية צֻרְמַאיֵה
נעליים  טרם נבדק;صُبّاط צֻבאט
נָהַג (בכלי רכב);ساق סַאק
נהג;سائق סַאאֵק
נֵהָג (מי שנוהג ברכב);شُوفِير שוּפֵיר
נהג;سوّاق סַוַّאק
נָקִי;نظيف נְטִ׳יף
נוסע (ב);راكب רַאכֶּבּ
נוסע, מטייל;مسافر מְסַאפֵר
נולד;إنولد אִנְוַלַד
נוֹלַד;خلق חִ׳לֵק
נולד, יילוד;مولود מַוְלוּד
נפגש;إلتقى אִלְתַקַא
נִפְגַש (הִתְקַבֵּל לפְּגִישָה);قابل קַאבַּל
נפגש, התאסף;اجتمع אִגְ׳תַמַע
נושא;موضوع מַוְצ׳וּע
סובל, נושא;طايق טַאיֵק
נפל;وقع וִקֵע
נפל;سقط סַקַט
נַעֲלַיִים (זוג);كُنْدَرَة כֻּנְדַרַה
נָעַל (סגר במנעול);قَفَل קַפַל
נַעַל (נעל ספורט);بُوت בּוֹת
נִרְאֶה;مْبَيِّن מְבַּיֵّן
נִרְאָה;إِنْشَاف אִנְשַאף
נראה (שאתה...);شِكْلَك שִכְּלַכּ
נִגְלָה, הוֹפִיעַ, נִרְאָה;ظهر טַ׳הַר
נהנה;كَيَّف כַּיַّף
נהנה;إستمتع אִסְתַמְתַע
נֵהֱנָה, שָמַח;إنبسط אִנְבַּסַט
נֵהֵנָה, בִּילָּה;تسلّى תְסַלַّא
נֶכֶד;حَفِيد חַפִיד
נשוי;متجوّز מִתְגַ׳וֵّז
נְסִיעָה;سَفَر סַפַר
נגמר, הסתיים;إِنْتَهَى אִנְתַהַא
נִגְמַר (תם, הסתיים);خلص חַ׳לַץ
נִגְמַר;خلص חִ׳לֵץ
נחש;حيّة חַיֵّה
נֶשֶק (כלי יריה);سلاح סִלַאח
נח;تريّح תְרַיַّח
נח;إِرْتَاح אִרְתַאח
נח, לקח הפסקה;استراح אִסְתַרַאח
נח, לקח הפסקה;استريّح אִסְתַרַיַّח
נחמד;لطيف לַטִיף
סימפטי, נחמד (אדם);دمّه خفيف דַמّוֹ חְ׳פִיף
נחמד, מהנה;لَذِيذ לַדִ׳יד׳
נחמד;ظَرِيف זַרִיף
נמוך (לדומם);واطي וַאטִי
קָצָר, נָמוּךְ (לבן אדם);قَصِير קַצִיר
נמוך, ירוד;منخفض מֻנְחַ׳פֵץ׳
נוף;منظر מַנְטַ׳ר
נֶגֶד;ضدّ צִ׳דّ
נֶגֶד;على עַלַא
נייר (חומר);ورق וַרַק
דף, נייר (יחידה אחת);ورقة וַרַקַה
נשיקה;بوسة בּוֹסֵה
ניקה;نظّف נַטַّ׳ף
אָבַד, נֶעֱלַם;ضَاع צַ׳אע
נעלם;إختفى אִחְ׳תַפַא
נעלם, דעך, התפוגג, נכחד;تَلَاشَى תַלַאשַא
נָגָע;لمس לַמַס
נחל;وادي וַאדִי
נָסִיךְ;أَمِير אַמִיר
נסיך (בקלפים);ولد וַלַד
נוח;مريح מֻרִיח
נִיצֵּחַ (במשחק);غلب עַ׳לַבּ
ניצח (במלחמה);انتصر אִנְתַצַר
נִיצֵחַ;كِسب כִּסֵבּ
נִיצֵחַ;فَاز פַאז
נשבע;حلف חַלַף
נשבע;اقسم אַקְסַם
פעולה, ניתוח;عمليّة עַמַלִיֵّה
אנליזה, ניתוח;تحليل תַחְלִיל
נמאס;حاجة חַאגֵ׳ה
נִמְאַס (לו);زهق זִהֵק
השתעמם, נמאס (לו);ملّ מַלّ
כועס, נעלב;حردان חַרְדַאן
נִיסָּיוֹן (לעשות משהו ספציפי);مُحَاوَلِة מֻחַאוַלֵה
נִיסָּיוֹן, מְיוּמָּנוּת (בתחום מסויים);خِبْرَة חִ׳בְּרַה
נִיסָּיוֹן, הִתְנַסּוּת (חוויה בפועל);تَجْرِبِة תַגְ׳רִבֵּה
נְקֵבָה (בדקדוק);مؤنّث מֻאַנַّת׳
נִקבָּה;نفق נַפַק
נְקֵבָה;أُنْثَى אֻנְתַ׳א
נִהְיָה, הפך ל, קרה;صَار צַאר
נהפך, נעשה, נהיה  טרם נבדק;أَصْبَح אִצְבַּח
נִיגֵן;عزف עַזַף
נעים להכיר, יש לנו הכבוד;تْشَرَّفْنَا תְשַרַّפְנַא
נעים להכיר;فرصة سعيدة פֻרְצַה סַעִידֵה
נָמֵר (יונק טורף ממשפחת החתוליים);نمر נִמֵר
נוצרי;مسيحي מַסִיחִי
נוצרי;نصراني נַצְרַאנִי
נמלט, בּרח, נס;هرب הַרַבּ
נֵס, פֶּלֶא;مُعْجِزِة מֻעְגִ׳זֵה
נס, קפה נמס;نسكافيه נֵסְכַּאפֵיה
פָּנָס;فانوس פַאנוּס
פלא, נס  טרם נבדק;أُعْجُوبَة אַעְג׳וּבַּה
נסיכה;أميرة אָמִירַה
נוסף;زايد זַאיֵד
אחר, נוסף;آخر אַאחַ׳ר
נוסף;اضافي אִצַ׳אפִי
נשואה;متجوّزة מִתְגַ׳וְّזֵה
נֶהֱדָר, עָצוּם;عَظِيم עַטִ׳ים
נֶהֱדָר, אַדִּיר;فظيع פַטִ׳יע
נהדר, נפלא;رَائِع רַאאֵע
נֵר;شَمْعَة שַמְעַה
נֶדָבֶּר;نحكي נִחְכִּי
נרגע;هدي הִדִי
נרגע;إِرْتَاح بَالُه אִרְתַאח בַּאלוֹ
נִרְגַע;رَوَّق רַוַّק
נרגע, נחה דעתו;تطمّن תְטַמַّן
נרגע;راق רַאק
נָמֵל;مِينَا מִינַא
נמלים;نمل נַמְל
ניצחון, כיבוש (במלחמה);فَتْح פַתְח
ניצחון;نَصْر נַצְר
נִיצָּחוֹן (בתחרות);فَوْز פַוְז
נִיצָּחוֹן (במלחמה);إنتصار אִנְתִצַאר
נפש;نفس נַפְס
נפש (במפקד אוכלוסין);نفر נַפַר
נפטר, מת;توفّى תְוַפַא
נפטר (מ...);خلص חִ׳לֵץ
נַעַר, יֶלֶד;صَبِي צַבִּי
בָּחוּר, נָעַר;شابّ שַאבּّ
ניקוי, ניקיון;تَنْظِيف תַנְטִ׳יף
היגיינה, ניקיון;نظافة נַטַ׳אפֵה
נקודה;نقطة נֻקְטַה
נפרד (שאינו חלק מ...);منفرد מֻנְפַרֵד
נפרד (שאינו חלק מ...);منفصل מֻנְפַצֵל
נִפְרַד (ממישהו);فَارَق פַארַק
נִפְרַד (רומנטית);إنفصل אִנְפַצַל
נָגָן;عازف עַאזֵף
נשם;تنفّس תְנַפַّס
הִתְנַשֵּׁם (נשם בכבדות);لَهَت לַהַת
נתראה;منشوفكم מִנְשוּפְכֹּם
נכדה;حفيدة חַפִידֵה
נְמָלָה;نملة נַמְלֵה
נכדים;أحفاد אַחְפַאד
מעולה, נפלא;عال עַאל
מעולה, נפלא, ״על הכיפאק״;على كيفك עַלַא כֵּיפַכ
נהדר, נפלא;رَائِع רַאאֵע
נלך;نمشي נִמְשִי
נַגָּר (מקצוע);نَجَّار נַגַّ׳אר
שָמַר על, נזהר;دار باله (على) דַאר בַּאלוֹ (עלא)
בחורה, נערה, יָלְדָה;صَبِيِّة צַבִּיֵّה
נהפך, נעשה, נהיה  טרם נבדק;أَصْبَح אִצְבַּח
נָדִיב;كَرِيم כַּרִים
סָפַר;عدّ עַדّ
סֵפֶר;كْتَاب כְּתַאבּ
סַפָּר (מקצוע);حَلَّاق חַלַّאק
סליחה, ברשותך (פנייה);لو سمحت לַוְ סַמַחְת
סליחה, ברשותך (פניה);لو سمحتي לַוְ סַמַחְתִי
סליחה (פנייה);معليش מַעְלֵיש
סליחה, מחילה;سَمَاح סַמַאח
סליחה (מילולית -אפשר להטריח אותך?);أَغَلّْبَك אַעַ׳לְّבַּכּ
סליחה (מילולית - מבלי לפגוע);بَلَا مُؤَاخْذِة בַּלַא מֻאַאחְ׳דֵ׳ה
סִיפּוּר;قُصَّة קֻצַّה
סבא;سيد סִיד
סבא;جدّ גִ׳דّ
סַבָּא;سيدو סִידוֹ
סבתא;ستّ סִתّ
סבתא;تاتا תַאתַא
סבתא;جدّة גִ׳דֵّה
סבתא;تيتا תֵיתַא
סוּסִים, סוּס (שם קיבוצי);خِيل חֵ׳יל
סוּס;حْصَان חְצַאן
סוף;آخر אַאחֵ׳ר
סוף;نهاية נִהַאיֵה
סוף (חידלון);زوال זִוַּאל
סגור;مسكّر מְסַכַּّר
סגור;مغلق מֻעְ׳לַק
סָגַר;سَكَّر סַכַּّר
סֶגֶר  (מניעת חופש תנועה);تسكير תַסְכִּיר
סֶגֶר (מניעת חופש תנועה);إغلاق אִעְ׳לַאק
סִייֵּם, גָּמַר;خَلَّص חַ׳לַّץ
סִייֵּם;أَنْهَى אַנְהַא
סִיֵּים;ختم חַ׳תַם
סגול;بنفسجي בַּנַפְסַגִ׳י
סְפּוֹרְט, פעילות גופנית (תחרותי או אישי);رِيَاضَة רִיַאצַ׳ה
סַכִּין;سِكِّينِة סִכִּّינֵה
סֶרֶט (בקולנוע);فِلْم פִלְם
ספרים;كُتُب כֻּתֻבּ
מגילות, ספרים (מהתנ״ך);أسفار אַסְפַאר
סבלנות;صبر צַבְּר
סבלנות;طولة بال טוּלֵת בַּאל
סבלנות;طولة روح טוּלֵת רוּח
סָלָט;سَلَطَة סַלַטַה
סַפָּה;كَنَبَاي כַּנַבַּאי
סִיר (כלי בישול);طُنْجَرَة טֻנְגַ׳רַה
סוּכָּר;سُكَّر סֻכַּّר
סְתָיו;خَرِيف חַ׳רִיף
תלמיד, סטודנט;طَالِب טַאלֵבּ
סוג;نوع נוֹע
סוג;صَنْف צֵנְף
סִיבָּה;سَبَب סַבַּבּ
סוד;سرّ סִרّ
סלון;صالون צַאלוֹן
סוֹפֵר (מקצוע);كَاتِب כַּאתֵבּ
סוֹפֵר (מקצוע);أَدِيب אַדִיבּ
סוּפֶּר, סוּפֶּרְמַרְקֶט;سوبرمركت סוּבֵּרְמַרְכֵּת
סיגריה;سيجارة סִיגַארַה
סדר, סידור, אירגון (אירגון של דברים (לא כמו אירגון טרור));ترتيب תַרְתִיבּ
סדר, משטר;نظام נִטָ׳אם
סִירָה;زورق זַוְרַק
סִירָה;قارب קַארֵבּ
סירה (לשעשוע);شختورة שַחְ׳תוּרַה
ספינה, סירה;مركب מַרְכַּבּ
סֶבֶל;عذاب עָדָ׳אבּ
סֶבֶל;معاناة מֻעַאנַאה
סָבַל;تعذّب תְעַדַّ׳בּ
סבל, נשא;طاق טַאק
סָבַל;عَانَى עַאנַא
סִידֵּר;رَتَّب רַתַّבּ
סִידֵר;زبّط זַבַּّט
סִידֵּר;ضَبْضَب צַ׳בְּצַ׳בּ
סַכָּנָה;خَطَر חַ׳טַר
סמים;مخدّرات מֻחַ׳דַّרַאת
סַמִּים;مُخَدِّرَات מֻחַ׳דִّרַאת
סְפִינָה;سَفِينِة סַפִינֵה
ספינה (ספינת קיטור);بَاخِرَة בַּאחִ׳רַה
ספינה, סירה;مركب מַרְכַּבּ
סִדְרָה (בטלויזיה);مُسَلْسَل מֻסַלְסַל
סָלַח, מָחַל;سَامَح סַאמַח
סָלַח;عذر עַדַ׳ר
סְחוֹרָה;بضاعة בְּצַ׳אעַה
סיום;إنتهاء אִנְתִהַאאְ
סיבוב;لفّة לַפֵّה
סיבוב, הליכה סחור סחור;دوران דַוַרַאן
סימן;علامة עַלַאמֵה
סימן;دَلِيل דַלִיל
סִימַן;إشارة אִשַארַה
סִימֵּן;أَشَّر אַשַّר
סְכוּם;مَبْلَغ מַבְּלַע׳
סלע;صخرة צַחְ׳רַה
סביבה;بيئة בִּיאַה
סֶלֶק (ירק);شمندر שְמַנְדַר
סוריה;سوريا סוּרְיַא
סוֹחֵר;تاجر תַאגֵ׳ר
טיול, סיור;جولة גַ׳וְלֵה
סיור;دوريّة דַוְרִיֵّה
הרשה לי, סלח לי;إسمح لي אִסְמַח לִי
סְלַח לִי;لَا تآخِذني לַא תְאַאחֵ׳דְ׳נִי
סוּלָּם;سُلَّم סֻלַّם
סַל;سَلِّة סַלֵّה
פֶּסֶל;تمثال תִמְתַ׳אל
סקרן;فضولي פֻצ׳וּלִי
סיכום;تلخيص תַלְחִ׳יץ
סיכום;ملخّص מֻלַחַّ׳ץ
ספסל, מקום ישיבה;مَقْعَد מַקְעַד
ספסל;بنك בַּנְכּ
סֶמֶל;رَمْز רַמְז
סְוֵודֶר;جرزة גַ׳רְזֵה
סְוֵודֶר;كنزة כַּנְזֵה
סוכריה;ملبّسة מְלַבַּّסֶה
סָדִין;شَرْشَف שַרְשַף
סיכוי;مجال מַגַ׳אל
סיכוי;إمكانيّة אִמְכַּאנִיֵّה
סיכוי;شنس שַׁנְס
סיכוי, הזדמנות;فرصة פֻרְצַה
סוּפָה;زوبعة זוֹבַּעַה
סערה, סופה;عاصفة עַאצְפֵה
סבון (חתיכה);صابونة צַאבּוּנֵה
סבון;صابون צַאבּוּן
סיפורים;قصص קֻצַץ
עכשיו (בלהג הצפוני);إسّا אִסַّא
עכשיו (בלהג הירושלמי);هَلْقِيت הַלְקֵית
עכשיו, כעת (בלהגים עירוניים);هلّلأ הַלַّאְ
עכשיו, כעת;حاليًّا חַאלִיַّן
עכשיו (באזור המשולש);هسّا הַסַّא
עכשיו (ספרותית);الآن אַלְאַאן
עכשיו (אצל הבדואים וברצועת עזה);هالحين הַ(א)לְחִין
עכשיו (כמו هلقيت. נכתב גם هلا ונהגה כך);هَلَّق הַלַّק
הרגע, עכשיו;توّ תַוّ
עֲבוֹדָה (עיסוק או מקום);شُغْل שֻעְ׳ל
עֲבוֹדָה (להגשה בלימודים);وَظِيفِة וַטִ׳יפֵה
עֲבוֹדָה (עיסוק או מקום);عَمَل עַמַל
על, אודות;عَن עַן
על;على עַלַא
על, אודות, בנוגע ל  טרם נבדק;منشان מנשאן
פּוֹעֵל, עוֹבֵד (מקצוע);عَامِل עַאמֵל
עובד, פועל, בשימוש (מכשיר);شَغَّال שַעַّ׳אל
עובד, עובדת (אני);بشتغل בַּ(א)שְתְעֵ׳ל
עוֹבֵד (ُמועסק);مُوَظَّف מֻוַטַّ׳ף
גם, עוד;كَمَان כַּמַאן
עוד (כלי נגינה);عود עוּד
עד ש...;لحدّ ما לַחַדّ מַא
עָבַר (פועל, הוא);عبر עַבַּר
עָבַר, חָלַף (זמן);فَات פַאת
עָבַר (דרך, ליד);مَرَق מַרַק
עבר (דירה, עבודה);إنتقل אִנְתַקַל
עבר  (דירה, עבודה);نقل נַקַל
עבר, זמן עבר;ماضي מַאצִ׳י
עִיר;مَدِينِة מַדִינֵה
עִיר, כְּפָר;بلد בַּלַד
עָיִיר (חמור צעיר);جَحْش גַ׳חְש
עֵץ (צמח בעל גזע, ענפים ושורשים);شَجَرَة שַגַ׳רַה
עֵץ (חומר המופק מעצים);خَشَب חַ׳שַבּ
עֵץ (חתיכה של);خَشَبِة חַ׳שַבֵּה
עץ (להסקה);حَطَب חַטַבּ
עזב;ساب סַאבּ
השאיר, עזב;خلّى חַ׳לַّא
עזב;دشّر דַשַّר
עזב;ترك תַרַכּ
עזב;غادر עַ׳אדַר
הסתלק, עזב;فلّ פַלّ
עייף;تعبان תַעְבַּאן
עייף (גרם לעייפות);أتعب אַתְעַבּ
עייף, מותש;تعّيب תַעִّיבּ
עדיין, עדיין לא;لسّة לִסַה
עדיין;بعد בַּעֵד
ערב;مساء מַסַאא
ערבים (בני הלאומים הערביים);عَرَب עַרַבּ
עָרֵב (שנותן ערבות);كَفِيل כַּפִיל
ערב (מוקדם, שעות שקיעת השמש);مغرب מֻעְ׳רֵבּ
ערב (אחרי ארוחת הערב);عشيّة עַשִיֵّה
עֲרָבִית (השפה הערבית);عَرَبِي עַרַבִּי
עצוב;حزنان חַזְנַאן
עצוב;حزين חַזִין
עֶרֶב טוֹב (כתשובה);مسا النّور מַסַא (אל)נّוּר
עֶרֶב טוֹב (הברכה);مسا الخير מַסַא (א)לְחֵ׳יר
עוֹלָם;عَالَم עַאלַם
עולם;دنيا דֻנְיַא
עלה;طِلِع טִלֵע
עָלֶה;ورقة וַרַקַה
עלה  (מחיר, עלותו הייתה..);كلّف כַּלַّף
התרומם, עלה, הועלה;إرتفع אִרְתַפַע
עלה (בקלפים);بستوني בַּסְתוֹנִי
עַלַה, נִכנַס (* בשילובים מסוימים);خَطَر חַ׳טַר
עָבַד (פועל);إشتغل אִשְתַעַ׳ל
עֶבֶד;عَبْد עַבְּד
עזרה, סיוע;مساعدة מֻסַאעַדֵה
עזרה, סיוע;نجدة נַגְ׳דֵה
ענה, השיב;جاوب גַ׳אוַבּ
הגיב, ענה;ردّ רַדّ
עיתון;صحيفة צַחִיפֵה
עיתון;جريدة גַ׳רִידֵה
עוּגָה;كَعْكِة כַּעְכֵּה
עוּגָה;جَاتُو גַאתוֹ
עוּגה;كتّو כֶּתّוֹ
עט;قلم קַלַם
עִבְרִית;عِبْرَانِي עִבְּרַאנִי
עָסוּק;مَشْغُول מַשְע׳וּל
עָזַר;ساعد סַאעַד
ענן;غيمة עֵ׳ימֵה
ענן;سحاب סַחַאבּ
עולה;طالع טַאלֵע
עורך דין;مُحَامِي מֻחַאמִי
עין;عين עֵין
עתיד;مستقبل מֻסְתַקְבַּל
עצור, עמוד (ציווי);وَقِّف וַקֵّף
עמוּד (בספר);صَفْحَة צַפְחַה
עמוד;عَمُود עַמוּד
עָשִיר;غَنِي עַ׳נִי
עוֹף (בעל חיים);طِير טֵיר
עוֹף (בשר);جاج גַ׳אג׳
עַכְבָּר (בעל חיים);فَار פַאר
עַכְבָּר (של מחשב);فَارَة פַארַה
עוֹנָה (בארבעת העונות);فَصْل פַצְל
עונה (חקלאית, של סדרה);مَوسِم מַוְסֵם
עָנִי;فقير פַקִיר
עני, מרושש;طَفْرَان טַפְרַאן
מסכן, עני;مَسْكِين מַסְכִּין
עצור, עמוד (ציווי);وَقِّف וַקֵّף
עָצוּר (אדם במעצר);معتقل מֻעְתַקַל
עָצוּר (אדם במעצר);موقوف מַוְקוּף
עֲרָבִית (השפה הערבית);عَرَبِي עַרַבִּי
עַרְבִי (בן הלאומים הערביים);عَرَبِي עַרַבִּי
עֵז;عَنْزِة עַנְזֵה
עֵז;معزة מִעְזֵה
עצבני;منروز מְנַרְוֵז
עצבני;عصبي עַצַבִּי
עצבני;معصّب מְעַצֵّבּ
עָצַר (הפסיק את התנועה);وقّف וַקַّף
עָצַר (שם במעצר);وقّف וַקַّף
עצלן;كسلان כַּסְלַאן
ער;صاحي צַאחִי
עֵר;فايق פַאיֵק
עובד, עובדת (אני);بشتغل בַּ(א)שְתְעֵ׳ל
תשומת לב, עניין;اهتمام אִהְתִמַאם
עניין;امر אַמֵר
דבר, עניין;شغلة שַעְ׳לֵה
היה חשוב ל, עניין, הדאיג;همّ הַםّ
בעיה, עניין;مسالة מַסְאַלֵה
עיניים;عيون עְיוּן
יותר טוב, עדיף;أَحْسَن אַחְסַן
עָדִיף;أَفْضَل אַפְצַ׳ל
ישן, עתיק;عَتِيق עַתִיק
עשר, 10;عشرة עַשַרַה
עצים (שם קיבוצי);شَجَر שַגַ׳ר
עֵצִים;أشجار אַשְגַ׳אר
עומד;واقف וַאקֵף
עיר בירה;عَاصْمِة עַאצְמֵה
עיר בירה  ערך בבדיקה;عاصمة المدينة עַאצִמַת אִלְמַדִינֵה
עֳנָבִים;عنب עִנַבּ
עיפרון;قلم رصاص קַלַם רְצַאץ
עשרים, 20;عشرين עִשְרִין
עזוב, שכח מזה;ولو וַלַו
עזוּב, נטוּש;متروك מַתְרוּכּ
עָזוּב, מוּזְנָח;سايب סַאיֵבּ
עייפה;تعبانة תַעְבַּאנֵה
עִיוֵּור;أَعْمَى אַעְמַא
עִיוֵור;كفيف כָּפִיף
עף;طَار טַאר
עֵרֶךְ;قِيمِة קִימֵה
עָרָך (עבודת העורך);حرّر חַרַّר
עָרַךְ (שולחן);حَطّ חַטّ
קיים, ערך;اجرى אַגְ׳רַא
עֲגָלָה; עָרָאבָּאי
עובֵר;مارق מַארֵק
עובר, חולף;مَاضِي מַאצִ׳י
עוּבָּר;جنين גַ׳נִין
פַּעַם;مَرَّة מַרַّה
פָּעַם, דָּפַק (הלב פעם, הלב דפק);دقّ דַקّ
כָּאן, פֹּה (במקום הזה);هُون הוֹן
פֶּה (איבר בפנים);تم תֻםّ
פגישה, ישיבה;جلسة גַ׳לְסֵה
ראיון, פגישה;مُقَابَلِة מֻקַאבַּלֵה
פגישה;مَوْعِد מַוְעֵד
פָּגַש;لاقى לַאקַא
פָּחַד (פועל);خاف חַ׳אף
פַּחַד (תחושה);خوف ח׳וֹף
פֵּירוֹת;فواكه פַוַאכֵּהְ
פָחוֹת (בכמות/מידה קטנה יותר);أَقَلّ אַקַלّ
פחות, מינוס (בחשבון);نَاقِص נַאקֵץ
פנים, פנימה;جوّا גֻ׳וַّא
פנים, פרצוף;وشّ וִשّ
פנים, פרצוף;وجه וֻגֵ׳הְ
פְּנים, תוֹך;قَلْب קַלְבּ
פתאום;فجأةً פַגְ׳אַתַן
פתאום;فجأة פַגְ׳אַה
פתאום, בהפתעה;على غفلة עַלַא עַ׳פְלֵה
פִּיל;فِيل פִיל
פִּיתָּה;خبزة חֻ׳בְּזֵה
פָּרָה;بَقَرَة בַּקַרַה
פּוֹעֵל, עוֹבֵד (מקצוע);عَامِل עַאמֵל
פּוֹעַל;فعل פִעֵל
עובד, פועל, בשימוש (מכשיר);شَغَّال שַעַّ׳אל
פרחים;زهور זְהוּר
פלפל;فلفل פִלְפֵל
פשוט;بسيط בַּסִיט
פשוט, ללא תוספות;سادة סַאדַה
פָּשוּט, בלי תוספות;حاف חַאף
פתוח;مفتوح מַפְתוּח
פָּתוּחַ (דרך);سَالِك סַאלֵכּ
פָּקִיד (עובד במשרה משרדית);مُوَظَّف מֻוַטַّ׳ף
פָּטִיש;شاكوش שַאכּוּש
פתרון;حلّ חַלّ
פעמים  טרם נבדק;مرّات מַרַّאת
פגע (ב);صاب צַאבּ
פָּגַע (העליב, לא פיזית);مسّ מַסّ
הִזִּיק, פָּגַע (ב);اذى אַדַ׳א
פָּנוּי;فَاضِي פַאצִ׳י
אִישִׁי, פְּרָטִי;شَخْصِي שַחְ׳צִי
פְּרָטִי;خُصُوصِي חֻ׳צוּצִי
פֶּטְרוֹזִילְיָה (צמח תבלין);بَقْدُونِس בַּקְדוּנֵס
פח;تنك תַנַכּ
מלכודת, פח;فخّ פַחّ׳
פְּרִי;فاكهة פַאכִּהַה
פרי, תנובה;ثَمَرَة תַ׳מַרַה
פַּרְפָּר;فَرَاشِة פַרַאשֵה
פצוע;مجروح מַגְ׳רוּח
פצוע;جَرِيح גַ׳רִיח
פינה;زاوية זַאוִיֵה
פינה;فضّى פַצַّ׳א
פינה;قرنة קֻרְנֵה
פיגוע;عمليّة עַמַלִיֵّה
הסתובב, פנה;لفّ לַףّ
פָּנָה (אל מישהו);راجع רַאגַ׳ע
פָּנָה (אל מישהו);توجّه תְוַגַّ׳הּ
פַּחֲדָן;جَبَان גַ׳בַּאן
פחדן;خوّيف חַ׳וִّיף
פּוֹלִיטִיקָה, מְדִינִיּוּת;سِيَاسِة סִיַאסֵה
פָּצַע;جَرَح גַ׳רַח
פֶּצע;جَرْح גַ׳רְח
פרס;جائزة גַ׳אאִזֵה
פְּצָצָה;قُنْبُلِة קֻנְבֻּלֵה
פיצה (מאכל);بيتسا בִּיתְסַא
פיצה;عوّض עַוַّצ׳
פתר;حلّ חַלّ
פתגם;مثل מַתַ׳ל
פנסיונר;متقاعد מֻתַקַאעֵד
פעילות;فعاليّة פַעַאלִיֵّה
פעילות;نشاط נַשַאט
פושע;مُجْرِم מֻגְ׳רֵם
פטריות;فطر פֻטֻר
פטריות;فطاريش פַטַארִיש
פֶּנְסְיָה (פרישה מעבודה);تَقَاعُد תַקַאעֻד
פנסיה, קצבת פנסיה (תשלום פנסיה חודשי);مَعَاش تَقَاعُد מַעַאש תַקַאעֻד
פָלָאפֶל;فَلَافِل פַלַאפֵל
פרט;تفصيل תַפְצִיל
סְעִיף , פְּרַט  (במכתב או במסמך);بند בַּנְד
פשע;جريمة גַ׳רִימֵה
חרוץ, פיקח;شاطر שַאטֵר
שנון, פיקח;فهمان פַהְמַאן
פיקח;راقب רַאקַבּ
אטריות, פסטה;معكرونة מַעְכַּרוֹנֵה
פרטים;تفاصيل תַפַאצִיל
פֶּרֶד (צאצא של חמור וסוסה);بَغْل בַּעְ׳ל
פרג;خشخاش חַ׳שְחַ׳אש
מפחד, פוחד;خايف חַ׳איֵף
רוֹכֵב, פָּרָשׁ (רוכב על סוסים);خَيَّال חַ׳יַّאל
פרש (שחמט);حْصَان חְצַאן
פָּרַשׂ;فَرَش פַרַש
פרסומת;دعاية דִעַאיֵה
פסיכולוג;معالج نفسي מֻעַאלֵג׳ נַפְסִי
פירוש, הסבר;تفسير תַפְסִיר
פַּעֲמוֹן;جرس גַ׳רַס
פעמון;ناقوش נַאקוּש
פסנתר;بيانو בְּיַאנוֹ
פרידה;فِرَاق פִרַאק
פרידה;وداع וִדַאע
צריך, חייב (לפני פועל בתילוי);لازم לַאזֵם
צריך, זקוק;عايز עַאיֵז
צריך, זקוק  (לפני שם עצם);بحاجة ل... בְּחַאגֵ׳ה לַ...
צריך;عاوز עַאוֵז
צֶבַע (גוון, לא חומר);لُون לוֹן
צַבָּע (של קירות, מקצוע);دهّان דַהַאן
צָבַע (שיער, חפצים);صَبَغ צַבַּע׳
צָבַע (קירות);دهن דַהַן
צָבַע (בחוברת צביעה);لوّن לַוַّן
צֶבַע (חומר צביעה);بوية בּוֹיַה
צַבַּע (בעל מקצוע)  טרם נבדק;طريش טַרִיש
צָהוֹב;أَصْفَر אַצְפַר
צָהֳרַיִים;ظهر טֻ׳הְר
צהריים;الزّوال אֵ(ל)זַّוַאל
צַלַּחַת;صَحْن צַחְן
צָפוֹן;شَمَال שַמַאל
צָבָא;جِيش גֵ׳יש
צעיר;صْغِير זְעִ׳יר
צַד;طرف טַרַף
צָד (עסק בצייד);إصطاد אִצְטַאד
צַד;جانب גַ׳אנֵבּ
צד;جهة גִ׳הַה
צָמֵא;عَطْشَان עַטְשַאן
צָמָא;عطش עַטַש
ציפור;عَصْفُور עַצְפוּר
צחק;ضحك צִ׳חֵכּ
צחק, התבדח;مزح מַזַח
הוֹגֵן, צוֹדֵק;عَادِل עַאדֵל
אתה צודק (נוטה בכל הגופים);معك حقّ מַעַכּ חַקّ
צָרַח, צָעַק, בָּכָה;عيّط עַיַّט
צעק;صيّح צַיַّח
צעק;صرّخ צַרַّח׳
צֶדֶק;حَقّ חַקّ
צֶדֶק;عَدْل עַדְל
צבעים, גוונים;ألوان אַלְוַאן
צִיּוּר, תְּמוּנָה (אמנותית);لوحة לַוְחַה
צִיּוּר (תחום אמנותי);رسم רַסֵם
ציור (יחיד)  טרם נבדק;رسمة רַסְמַה
צַלָּם (אדם העוסק בצילום);مُصَوِّر מֻצַוֵّר
צְחוֹק;مزح מַזֵח
צחוק;ضحكة צַ׳חְכֵּה
צחוק, בדיחות הדעת;مسخرة מַסְחַ׳רַה
צינור;بربيج בַּרבִּיג׳
צינור;ماسورة מַאסוּרַה
צוֹמֶת (מפגש של דרכים);مَفْرَق מַפְרַק
צומת, פנייה (בדרך);كُورْبَة כּוֹרְבַּה
צַיָּיר (אומן ציור);رَسَّام רַסַّאם
צִייֵּר;رَسَم רַסַם
צל;فيّ פַיّ
צל;ظلّ טֵ׳לّ
צוֹם;صيام צְיַאם
צוֹם;صُوم צוֹם
צֶמַח;نبتة נַבַּתֵה
צמח, צמחים;زرّيعة זָרִّיעָה
צִיוּן;علامة עַלַאמֵה
צִילֵּם;صَوَّر צַוַّר
צָעִיף;لفحة לַפְחַה
צעד;خطوة חֻ׳טְוֵה
אֶמְצָעִי, צַעַד, הָלִיךְ;اجراء אִגְ׳רַאאְ
צפרדע;ضفدعة צַ׳פְדַעַה
צָעָר;زعل זַעַל
צָעָר;أَسَف אַסַף
צַעַר, עֶצֶב, אֵבֶל;حزن חֻזֻן
צוות;طَاقم טַאקֵם
צורך;حاجة חַאגֵ׳ה
צר;ضيّق צַ׳יֵّק
צדיק, חסיד (יישר דרך);صَالِح צַאלֵח
מסתכל, צופה (בטלויזיה);مُشَاهِد מֻשַאהֵד
צָרְפָת;فَرَنْسَا פַרַנְסַא
צנוע (נמנע מהדגשת תכונותיו הטובות.);متَواضِع מִתְוַאצֵ׳ע
צנוע;مُحْتَشِم מֻחְתַשֵם
צמחוני;نباتي נַבַּאתִי
צעקה, צעקות;صياح צִיַאח
צרחה, צעקה;صرخة צַרְחַ׳ה
צרה (האישה הנוספת);ضرّة צֻ׳רָّה
צרה, אסון;مَصِيبِة מְצִיבֵּה
צרה;بَلْوِة בַּלְוֵה
ציר (כללי);مِحْوَر מִחְוַר
צמיד;سِوَار סִוַאר
צמיד;إسوارة אִסְוַארַה
צבוע (בעל חיים);ضبع צַ׳בֵּע
דו פרצופי, צבוע;موجهن מְוַגְ׳הַן
צבוע, דו-פרצופי;منافق מֻנַאפֵק
צַבוּע (מכוסה בצבע);مدهون מַדְהוּן
צבעוני;ملوّن מְלַוַّן
צנון;فجل פִגֵ׳ל
ציפה;تْوَقَّع תְוַקַّע
חיכה, ציפה;إنتظر אִנְתַטַ׳ר
חיכה, ציפה;نَطَر נַטַר
ציפורן;أظفر אֻטְ׳פֻר
ציפורן (תבלין);قرنفل קַרַנְפֻל
צָם (נמנע מאכילה);صَام צַאם
צואר;رقبة רַקַבֵּה
ציוד;تجهيزات תַגְ׳הִיזַאת
ציוד, כלים, מכשירים  טרם נבדק;مُعَدَّات מֻעַדַّאת
צפוף, גדוש;كثيف כַּתִ׳יף
צַיָּיד (מקצוע);صَيَّاد צַיַّאד
בובה, צעצוע;لعبة לֻעְבֵּה
צָרַח, צָעַק, בָּכָה;عيّط עַיַّט
צְבָאִי (שייך לצבא);عَسْكَرِي עַסְכַּרִי
עופות, ציפורים;طيور טְיוּר
ציפורים;عَصَافِير עַצַאפִיר
צמח, צמחים;زرّيعة זָרִّיעָה
צמחים;نباتات נַבַּאתַאת
צאן;غنم עַ׳נַם
צאן, עדרים;مواشي מַוַאשִי
צעקה, צעקות;صياح צִיַאח
ציבורי;عمومي עֻמוּמִי
קָנָה, רָכַשׁ;إشترى אִשְתַרַא
קשה  (לא רך);قاسي קַאסִי
קָטָן;صْغِير זְעִ׳יר
קְצָת;شويّ שְוַיّ
קרא;قري קִרִי
קרא (ל-);نَادَى נַאדַא
הִסְכִּים, קִיבֵּל;قبل קִבֵּל
קִיבֵּל (לעבודה);قبل קִבֵּל
קִיבֵּל (אֶת פְּנֵי);إستقبل אִסְתַקְבַּל
קִיבֵּל;أَخَذ אַחַ׳ד׳
קיבל (לידיו);إستلم אִסְתַלַם
קַל (משקל);خَفِيف חַ׳פִיף
קור, קר;برد בַּרְד
קַר;بارد בַּארֵד
קר  (לאדם);بردان בַּרְדַאן
קור, קר;سقعة סַקְעַה
קָפֶה;قَهْوِة קַהְוֵה
קרוב;قريب קַרִיבּ
קַיִץ;صِيف צֵיף
נִהְיָה, הפך ל, קרה;صَار צַאר
קָרָה;حصل חַצַל
קבוצה;فرقة פִרְקַה
קבוצה (ספורט);فَرِيق פַרִיק
קְבוּצָה;مَجْمُوعَة מַגְ׳מוּעַה
קבוצה  טרם נבדק;شلًّة שלّה
קיר;حيط חֵיט
קָצָר, נָמוּךְ (לבן אדם);قَصِير קַצִיר
קָצַר (קטף תבואה);حَصَد חַצַד
קוֹף;قرد קִרְד
קוֹף (בעל חיים);سَعْدَان סַעְדַאן
קם;قام קַאם
קוֹל;صُوت צוֹת
קומה (בבניין);طَابِق טַאבֵּק
קודם, לשעבר (ספרותית);سابق סַאבֵּק
קוֹדֵם;بالأوّل בִּ(א)לְאַוַّל
קדימה;قدّام קֻדַّאם
קונה (אני);بشتري בַּשְתְרִי
קוֹנֵה (אדם שקונה);مشتري מִשְתְרִי
רוכש, קונה;شاري שַארִי
קורס;دورة דַוְרַה
קורס;كورس כּוּרְס
קַמְצָן;بَخِيل בַּחִ׳יל
קַמְצָן;أَبُو كَمُونِة אַבּוּ כַּמוּנֵה
קצין;ضابط צַ׳אבֵּט
קופסא;عِلْبِة עִלְבֵּה
יִחֵל, קיווה;تمنّى תְמַנַّא
קיווה;تأمّل תְאַמַّל
קמח;دقيق דָקִיק
קֶמַח;طْحِين טְחִין
קניות;مشتريات מֻשְתַרַיַאת
קניות, שופינג;تسوّق תַסַוֻّק
קניתי  טרם נבדק;اشتريت אִשְתַרֵית
קבע, תחם, הגביל;حدّد חַדַّד
קבע, הזמין (תור, מקום);حَجَز חַגַ׳ז
הִסְכִּים, קָבַע, הִסְתַדֵר (עם);إتَّفَق אִתַّפַק
קבע, מינה  (קבע (תאריך, מקום), מינה (לתפקיד מסוים));عيّن עַיַّן
קוֹרֶה;صايِر צַאיֵר
קניון;مول , كنيون מוֹל, קניון
קניון;مجمّع מֻגַ׳מַّע
קדוש, אדם קדוש (באסלאם);ولي וַלִי
קו;خَطّ חַ׳טّ
קריאה;قراية קְרַאיֵה
קריאה (תחביב);مطالعة מֻטַאלַעַה
שֶׁלֶג, קֶרַח;ثَلْج תַ׳לְג׳
קֵרֵחַ (חסר שיער);أَصْلَع אַצְלַע
קֵרֵחַ (חסר שיער);أَقْرَع אַקְרַע
קשור  (בעל שייכות לעניין);معلّق מֻעַלַّק
קללה;مسبّة מְסַבֵּّה
קינוח, מנה אחרונה;تحلاية תִחְלַאיֵה
קוּמְקוּם;غلّاية עַ׳לַّאיֵה
קוּמְקוּם;بَكْرَج בַּכְּרַג׳
קַלמָר;مقلمة מַקְלַמֵה
קיים, ביצע;نَفَّذ נַפַّד׳
קיים, נמצא;كَايِن כַּאיֵן
קיים, ערך;اجرى אַגְ׳רַא
קבלה, חשבונית;وصل וַצְל
קבּלה (ללימודים, לעבודה);قبول קֻבּוּל
קבלה, קבלת פנים;إستقبال אִסְתִקְבַּאל
קערה;طشت טֻשְת
קערה;جاط גַ׳אט
קערה;صحن عميق צַחֵן עַמִיק
קערה;وعاء וִעַאא
קערה;اناء אִנַאא
קְעָרָה;صحن مجوّر צַחֵן מְגַ׳וַّר
קַבַר;دفن דַפַן
קֵבֵר;قبر קַבְּר
קור, קר;برد בַּרְד
קור, קר;سقعة סַקְעַה
קולנוע, בית קולנוע;سِينَمَا סִינַמַא
קישוא;كوسى כּוּסַא
קֵירֵב, התקרב;قرّب קַרַّבּ
קִילֵּל;سَبّ סַבּّ
קִילֵּל;لعن לַעַן
קוּפָּה (בחנות);صندوق צַנְדוּק
קָבוּעַ;ثَابِت תַ׳אבֵּת
קָבוּעַ;دَايِم דַאיֵם
קנאה;غيرة עִ׳ירֵה
צרות עין, קנאה;حسد חַסַד
קנס;غرامة עַ׳רַאמֵה
קָנָס, הטיל קנס;غرّم עַ׳רַّם
קָטַף;قطف קַטַף
קבלן;مقاول מְקַאוֵל
קִינֵא (ב...);حسد חַסַד
קִינֵא;غار עַ׳אר
מוסכם, הולך, קיבלתי, בכיף;اجاك אַגַ׳אכּ
קַנְקָן;إِبْرِيق אִבְּרִיק
קנקן;شاف שַאף
חֶבְרָה, קְהִילָּה;مُجْتَمَع מֻגְ׳תַמַע
קושי;صعوبة צֻעוּבֵּה
רוצה (הוא);بدّه בִּדّוֹ
רחוב;شارع שַארֵע
רָעֵב;جُوعَان ג׳וֹעַאן
רָעָב;جُوع ג׳וּע
רָעֵב (היה רעב);جاع גַ׳אע
רֶגֶל;إِجْر אִגְ׳ר
רק;بسّ בַּסّ
רק, בלבד;فقط פַקַט
רק, סתם (סתם שואל);مجرّد מֻגַ׳רַّד
רָאָה;شَاف שַאף
רָאָה, צפה (סרט, הצגה);حِضِر חִצֵ׳ר
רחוק;بعيد בְּעִיד
רע, גרוע;عَاطِل עַאטֵל
רשע, רע;لئيم לַאִים
רשע, רע, מרושע;شرير שַרִיר
רע;سيّئ סַיֵّאְ
רצה;كان بدّه כַּאן בִּדّוֹ
רצה;حبّ חַבּّ
רצה (בספרותית);أراد אַרַאד
רצה (לבנון וסוריה);راد רַאד
רָץ;رَكَض רַכַּץ׳
רץ (שחמט);فِيل פִיל
רָץ;رِمِح רִמֵח
רוּחַ (תנועת האוויר);رِيح רִיח
רגע;لحظة לַחְטַ׳ה
רגע;وهلة וַהְלֵה
רופא;طَبِيب טַבִּיבּ
רופא;دكتور דַכְּתוֹר
רופא;حَكِيم חַכִּים
רֹאשׁ;رَاس רַאס
רואה;شايف שַאיֵף
רגיל, כרגיל;عادي עַאדִי
רגיל (מי שהתרגל);متعوّد מִתְעַוֵّד
רעש, המולה;ضجّة צַ׳גֵّ׳ה
רַעַשׁ, הֲמוּלָּה;ضوضاء צַ׳וְצַ׳אאְ
רַעַשׁ (מפריע);دَوشِة דַוְשֵה
רַכֶּבֶת;تْرِين תְרֵין
רַכֶּבֶת;قِطَار קִטַאר
רעיון;فِكْرَة פִכְּרַה
רוֹב;أَغْلَب אַעְ׳לַבּ
רוב;اكثر אַכְּתַ׳ר
רוֹב;أَغْلَبِيِّة אַעְ׳לַבִּיֵّה
רוב;كثر כֻּתְ׳ר
רוב;معظم מֻעְטַ׳ם
רגוע, שקט;هادي הַאדִי
רָגוּעַ, נִינוֹח;مرتاح מִרְתַאח
שקט, רגוע (ללא דאגות);مرتاح البال מֻרְתַאח אֵלבַּאל
רָקַד;رَقَص רַקַץ
רווק;عَزَّابِي עַזַّאבִּי
רָקַם;طَرَّز טַרַّז
רזה;ضعيف צְ׳עִיף
רָזָה;ضعف צִ׳עֵף
רזה;نحيف נַחִיף
ראיתי;شفت שֻפְת
רצון;رَغْبِة רַעְ׳בֵּה
מחשבה, רצון;خاطر חַ׳אטֵר
רֵיק (שאין בו כלום);فَاضِي פַאצִ׳י
רִיק, חלל;فَرَاغ פַרַאע׳
ריק;فارغ פַארֵע׳
ריצה (ג׳וגינג);هرولة הָרְוַּלֵה
רִיצָה (פעולה או ענף ספורט);رَكِض רַכֵּץ׳
ריצה;رمح רַמֵח
ריצה, השביע רצון (הפך מישהו למרוצה);أرضى אַרְצַ׳א
רֶגֶש;إِحْسَاس אִחְסַאס
רגש;عَاطِفَة עַאטִפַה
רְצִינִי;جَدِّي גַ׳דִّי
רִיקּוּד;رَقْص רַקְץ
רובה;بارودة בַּארוּדֶה
רָמָה;مستوى מֻסְתַוַא
רגליים;اجرين אִגְ׳רֵין
רביעי;رَابِع רַאבֵּע
רבים, ריבוי (בדקדוק);جَمْع גַ׳מְע
רטוב;مَبْلُول מַבְּלוּל
רַחַב, מרווח, מקיף;وَاسِع וַאסֵע
רחב;عريض עַרִיץ׳
בֵּירֵךְ, אָמַר מַרְחַבַּא;رحّب רַחַّבּ
רפואה;طبّ טִבּّ
רדיו;راديو רַאדְיוֹ
רימונים, רימון (פרי, שם קיבוצי);رُمَّان רֻמַّאן
רימון (פרי, יחידה);رُمَّانِة רֻמַّאנֵה
ראיון, פגישה;مُقَابَلِة מֻקַאבַּלֵה
רֶבַע;رُبْع רֻבְּע
רשיון;رُخْصَة רֻחְ׳צַה
ראשונה;أُولَى אוּלַא
רחץ;غسّل עַ׳סַّל
רָצָח;قتل קַתַל
רֶצַח;قَتْل קַתְל
ראש הממשלה;رَئِيس الْحُكُومِة רַאִיס אֵלְחֻכּוּמֵה
רַמְזוֹר;رمزون רַמְזוֹן
רהיטים;مفروشات מַפְרוּשַאת
רָהִיטִים, רִיהוּט;أَثَاث אַתַ׳את׳
רהיטים, רִיהוט;عفش עַפֵש
אוֹרֶז (דגן);رُزّ רֻזّ
רַךְ, עָדִין;نَاعِم נַאעֵם
רך;طَرِي טַרִי
רעבה;جوعانة ג׳וֹעַאנֵה
רשת;شبكة שַׁבַּכֵּה
רֶמֶז;تَلْمِيح תַלְמִיח
רְחוֹבוֹת;شَوَارِع שַוַארֵע
רשם;قيّد קַיַّד
רשם;سجّل סַגַّ׳ל
רִיבַּה;مربى מְרַבַּّא
ריבה;تطلي תַטְלִי
רגשות;عَوَاطِف עַוַאטֵף
רגשות, הרגשה;شعور שֻעוּר
רֶוַוח, מִרְוָוח;فَرَاغ פַרַאע׳
רֶוַוח;ربح רִבְּח
רואה חשבון;محاسب מֻחַאסֵבּ
רגיש, חיישן;حسّاس חַסַّאס
רגשן, רגשי, רגיש;عاطفي עַאטִפִי
רוקח;صيدلي צַיְדַלִי
רוֹצֵחַ;قَاتِل קַאתֵל
רוֹצֵחַ;سفّاح סַפַّאח
עִיקָרִי, ראשי;رئيسي רַאִיסִי
רוטב;صلصة צַלְצַה
רוֹעַ, רֶשַע;شَرّ שַרّ
רשע, רע;لئيم לַאִים
רשע, רע, מרושע;شرير שַרִיר
רמאי;غشّاش עַ׳שַّאש
רמאי, נוכל;أونطجي אַוַנְטַגִ׳י
רַחֲמִים;رَحْمِة רַחְמֵה
רחמים;حنان חַנַאן
שָׁלוֹם (מילולית - ״פעמיים שלום״, תשובה ל׳מרחבא׳);مرحبتين מַרְחַבְּתֵין
שַֹם;حَطّ חַטّ
שֶל, שַיַיךְ ל...;تبع תַבַּע
שֶ- (אחרי פועל);إنّه אִנّוֹ
ש (אחרי מילת יחס);ما מַא
אשר, ש;اللّي אִלִّי
לא (שלילת פועל);ش ש
שולחן;طَاوْلِة טַאוְלֵה
שבוע;جمعة גֻ׳מְעַה
שבוע;أسبوع אֻסְבּוּע
שלח;بعث בַּעַת׳
שיר;غنوة עִ׳נְוֵה
שִיר;أُغْنِيِة אֻעְ׳נִיֵה
שיר;غنويّة עַ׳נַוִיֵّה
שיר;غُنَّاية עֻ׳נָّאיֵה
שִיעוּר, לימוד;دَرْس דַרְס
שיעור, הרצאה;حصّة חִצַّה
רגוע, שקט;هادي הַאדִי
שקט;هدوء הֻדוּאְ
שקט, רגוע (ללא דאגות);مرتاح البال מֻרְתַאח אֵלבַּאל
שֶקֶט;سكون סֻכּוּן
נחת, שקט;رَوَاق רַוַאק
שב!;أقعد אֻקְעֻד
אחר, שני (נוסף);ثاني תַ׳אנִי
שָׁאַל (הציג שאלה);سَأَل סַאַל
מקלחת, שירותים;حَمَّام חַמַّאם
שירותים, בית-שימוש;تواليت תְוַאלֵית
שירותים, בית-שימוש;منافع מַנַאפֵע
בתי-שימוש, שירותים (רבים של מרחאץ׳);مراحيض מַרַאחִיץ׳
שירותים  (רבים של שירות);خدمات חִ׳דְמַאת
שילם;دفع דַפַע
שלוש, 3;تلاتة תַלַאתֵה
נתן מחסה, שמר (בביטוי ״אללה יסתר״);ستر סַתַר
שמר;حافظ חַאפַט׳
שמר (על);احتفظ אִחְתַפַט׳
שמר;حرس חַרַס
הגן, שמר;حَمَى חַמַא
שוֹמֵר (מקצוע);حَارِس חַארֵס
שומר, מגן, נותן חסות;ولي וַלִי
שומר (על);محتفظ מִחְתְפֵט׳
שמלה;فستان פֻסְתַאן
חלוק, גלימה, שמלה  טרם נבדק;رداء רִדָאא
שֵׁמִי  (של העמים השמיים);سامي סַאמִי
שְמִי (קוראים לי...);إسمي אִסְמִי
שקר, שטות;خَرْطَة חַ׳רְטַה
שוטר;شرطي שֻׁרְטִי
שוטר;بوليس בּוּלִיס
שוטר (במשמר הגבול המצרי);شاويش שַאוִיש
שיחק;لعب לִעֵבּ
שִיחֵק (בהצגה, סרט);مَثَّل מַתַّ׳ל
שחקן (קולנוע, תיאטרון);ممثّل מֻמַתֵّ׳ל
שחקן (שחקן מקצועי בספורט);لَعِيب לַעִיבּ
שחקן (במשחק ספורט, לא בהכרח מקצועי);لَاعِب לַאעֵבּ
שיער;شعر שַעְר
שלשום;اوّل إمبارح אַוַّל אֵמְבַּארֵח
שמיים;سَمَا סַמַא
שעבר;الّي فات אִלִّי פַאת
שעבר;الماضي אִלְמַאצִ׳י
שש, 6;ستّة סִתֵّה
שמיכה;لحاف לְחַאף
שמיכה;بطانيّة בַּטַאנִיֵّה
שמיכה;حْرام חְרַאם
שתיים, 2;تنين תְנֵין
שכנים;جِيرَان גִ׳ירַאן
שומע;سَامِع סַאמֵע
שוּם;ثُوم ת׳וֹם
אף, שום (בביטויים כמו אף אחד או שום דבר);وَلَا וַלַא
שן שום;سنّ ثوم סִןّ ת׳וֹם
שים;حُطّ חֻטّ
שאלות;أَسْئِلِة אַסְאִלֵה
שמונה, 8;تمانية תַמַאנְיֵה
שוֹקוֹלד  טרם נבדק;شُكُلاطة שֻכֻּלָאטָה
שעות  טרם נבדק;ساعات סַאעַאת
שתוק!;هوس הוס
שְלִישִי;ثَالِث תַ׳אלֵת׳
שקית, שק;كِيس כִּיס
משכורת, שכר;مَعَاش מַעַאש
שום דבר, כלום;وَلَا إِشِي וַלַא אִשִי
שישי, השישי;السّادس א(ל)סַّאדֵס
חג שמח, שנה טובה (לרבים);كل عام وانتو بخير כֻּלّ עַאם וּאִנְתוּ בְּחֵ׳יר
חג שמח, שנה טובה;كُلّ عَام وإِنْتِ بْخِير כֻּלّ עַאם וּאִנְתֵ בְּחֵ׳יר
שינוי;تغيير תַעְ׳יִיר
שווה, משתלם;بيسوى בִּיסְוַא
שווה (במתמטיקה);يساوي יֻסַאוִי
יָשַן, שָכַב;نام נַאם
תּוֹדָה;شُكْرًا שֻכְּרַן
תִּהֲיֶה בָּרִיא, תּוֹדָה, בְּבַקָּשָׁה;الله يْخَلِّيك אַללַّה יְחַ׳לִّיכּ
תּוֹדָה;يسلموا יִסְלַמוּ
תבורך, תודה;كثّر خيرك כַּתַّ׳ר חֵ׳ירַכּ
תודה, תבורך;تِسْلَم תִסְלַם
תודה;يخلِف יִחְ׳לֵף
תלמיד, סטודנט;طَالِب טַאלֵבּ
תלמיד;تلميذ תִלְמִיד׳
תמיד;دايمًا דַאיְמַן
תְּמוּנָה, תַּצְלוּם;صُورَة צוּרַה
צִיּוּר, תְּמוּנָה (אמנותית);لوحة לַוְחַה
תיק, ילקוט;شنطة שַנְטַה
תיק (משרדי, משפטי, מסמכים);ملفّ מַלַףّ
מזוודה, ילקוט, תיק  טרם נבדק;حَقِيبَة חַקִיבַּה
תַּן (בעל חיים);وَاوِي וַאוִי
הבא, תן;هَات הַאת
תֵּן, הָבֵא;جيب גִ׳יבּ
תַּפּוּחַ (יחידה אחת);تُفَّاحَة תֻפַّאחַה
תפוזים, תפוז (שם קיבוצי);برتقال בֻּרְתֻקַאל
תפוזים, תפוז (שם קיבוצי);بردقان בֻּרְדְקַאן
תקווה;أَمَل אַמַל
תּוּת, תותים (תות עץ);تُوت תוּת
תּוּת, תּוּתִים (תּוּת שָׂדֶה);فَرَاوْلِة פַרַאוְלֵה
תּוּת שָׂדֶה;تُوت أَرْضِي תוּת אַרְצִ׳י
תחנה;محطّة מַחַטַّה
תחנה;موقف מַוְקַף
תעודת זהות;هويّة הַוִיֵّה
תודה רבה;شكرًا كثير שֻכְּרַן כְּתִ׳יר
תודה רבה;شُكْرًا جَزِيلًا שֻכְּרַן גַ׳זִילַן
תינוק, ילד, ילד קטן;طِفْل טִפְל
תלמידים;تلاميذ תַלַאמִיד׳
תלמידים, סטודנטים;طُلَّاب טֻלַّאבּ
תְּרוּפָה;دَوَا דַוַא
תרבות;ثَقَافِة תַ׳קַאפֵה
ציוויליזציה, תרבות;حَضَارَة חַצַ׳ארַה
תפילה;صَلَاة צַלַאה
תלמידה;طَالْبِة טַאלְבֵּה
תוכנית;برنامج בַּרְנַאמַג׳
תּוֹכְנִית (של בית או של מבצע);خُطَّة חֻ׳טַّה
מסלול, תוכנית (לימודים);منهاج מִנְהַאג׳
תקופה;فَتْرَة פַתְרַה
תקופה;مُدِّة מֻדֵّה
תְּקוּפָה, עִידָּן;عصر עַצְר
קָלַט, תפס (חומר, מידע);إستوعب אִסְתַוְעַבּ
אחז, תפס, החזיק;مسك מִסֵכּ
תפס;كمش כַּמַש
תַּנּוּר (אפייה);فُرْن פֻרְן
תַּנּוּר (חימום);دَفَّاي דַפַّאי
ג׳וק, תיקן;صَرْصُور צַרְצוּר
תיקן (טעות);صحّح צַחַّח
תִיקֵּן (משהו מקולקל);صلّح צַלַّח
תַּרְנְגוֹל;دِيك דִיכּ
תאונה;حادث חַאדֵת׳
תפקיד;دور דוֹר
תפקיד, משרה;وظيفة וַטִ׳יפֵה
תֶּה;شَاي שַאי
תּוֹר;دُور דוֹר
יונת בר, תור;يمامة יַמַאמַה
תור (המתנה בתור בחנות);طابُور טַאבּוּר
תיכון (בית ספר);ثانويّة תַ׳אנַוִיֵّה
תרגיל;تمرين תַמְרִין
שאלוהים ישמור אותך, תהיה בריא;الله يسلمك אַללַّה יסַלְّמַכּ
תִּהֲיֶה בָּרִיא, תּוֹדָה, בְּבַקָּשָׁה;الله يْخَلِّيك אַללַّה יְחַ׳לִّיכּ
תהיה בריא (לחולה);سَلَامْتَك סַלַאמְתַכּ
תעשה לי טובה, תהיה בריא (מילולית - שאלוהים יהיה מרוצה ממך);الله يرضى عليك אַלְלַה יִרְצַ׳א עַלֵיכּ
תהיה בריא;الله يشفيك אַלְלַﬞה יִשְפִיכּ
תהיה בריא;شَافتك العافية שַאפַתַכּ אִלְעַאפְיֵה
תמרים;تَمْر תַמְר
תאריך;تاريخ תַארִיח׳
תאריך;تاريخ תַארִיח׳
תייר;سايح סַאיֵח
תחרות, משחק (בספורט);مُبَارَاة מֻבַּארַאה
תַּחֲרוּת;مُنَافَسِة מֻנַאפַסֵה
תַּחֲרוּת;مُسَابَقَة מֻסַאבַּקַה
תעודה;شهادة שַהַאדֵה
תלוי (בסיטואציה);بيتعلّق בִּיתְעַלַّק
תָלוּי;حسب חַסַבּ
תשע, 9;تسعة תִסְעַה
תרגע;إهدى אִהְדַא
תחביב;هواية הִוַאיֵה
תְּנוּעָה;حَرَكِة חַרַכֵּה
שמע, הקשב, תראה;لِيك ליכ
תַּפּוּחַ אֲדָמָה;بَطَاطَا בַּטַאטַא
תּוֹצָאָה;نَتِيجِة נַתִיגֵ׳ה
תואר;لقب לַקַבּ
עדכון, תיקון, שִׁינּוּי;تعديل תַעְדִיל
תיקון;تصليح תַצְלִיח
תַּרְנְגוֹלֶת;جَاجِة גַ׳אגֵ׳ה
תושב, אזרח;مواطن מֻוַאטֵן
תושב, מתגורר;مقيم מֻקִים
תמונות;صور צֻוַר
תּוֹדָה לָאֵל, הַשֶּׁבַח לָאֵל;الحمدلله אֵלְחַמְדֻלִלַّה
תפריט;منيو מֵנְיוּ
תביא לי;جيب لي גִ׳יבּ לִי
תחתונים;لباس לְבַּאס
תחתונים;كلسون כַּלְסוֹן
תירס;ذرة דֻ׳רַה
תקשורת;اعلام אִעְלַאם
אמצעי התקשורת;وَسَائِل الْإِعْلَام וַסַאאֵל אִלְאִעְלַאם
תשלום;دَفْع דַפְע
מזל טוב, תתחדש;مَبْرُوك מַבְּרוּכּ
תתחדש;نَعِيمًا נַעִימַן
גג, תקרה;سَقْف סַקְף
תַּעֳרוּכָה;مَعْرَض מַעְרַץ׳
תכלת;سماويّ סָמָאוִּיّ
תפוזים, תפוז (שם קיבוצי);برتقال בֻּרְתֻקַאל
תפוזים, תפוז (שם קיבוצי);بردقان בֻּרְדְקַאן
תושבים, תושבי (מקום מסויים);سكّان סֻכַּﬞאן
תלונה;شكوة שַכְּוֵה
תעלה;قَنَاة קַנַאה
תְּעָלָה;خندق חַ׳נְדַק
תּוּת, תותים (תות עץ);تُوت תוּת
תּוּת, תּוּתִים (תּוּת שָׂדֶה);فَرَاوْلِة פַרַאוְלֵה
תיאטרון;مَسْرَح מַסְרַח
תחום;ميدان מַיְדַאן
תחום;مجال מַגַ׳אל
